Time,AccelX1,AccelY1,AccelZ1,AccelX2,AccelY2,AccelZ2
6.129994289949536e-06,0,0,1.2042834350585936,0,0,0.53508
0.003656693996163085,0,0,1.388636962890625,0,0,0.84084
0.007300128985662013,0,0,1.22583125,0,0,0.6115200000000001
0.011161301983520389,0,0,1.3239935180664062,0,0,1.2994800000000002
0.014867421996314079,0,0,1.4604630126953124,0,0,0.84084
0.018396857980405912,0,0,1.0869675537109373,0,0,1.2230400000000001
0.022055626002838835,0,0,1.3096283081054687,0,0,0.3822
0.025594024977181107,0,0,1.2282254516601563,0,0,-8.867040000000001
0.03026320697972551,0,0,1.0797849487304687,0,0,1.07016
0.03402849199483171,0,0,1.3024457031249999,0,0,0.7644
0.037276969000231475,0,0,1.3096283081054687,0,0,0.53508
0.04357235098723322,0,0,1.3479355346679687,0,0,0.0
0.04666951598483138,0,0,1.2042834350585936,0,0,0.84084
0.04979386497871019,0,0,1.189918225097656,0,0,1.07016
0.05291367700556293,0,0,1.0869675537109373,0,0,1.2230400000000001
0.05603280299692415,0,0,1.4006079711914061,0,0,0.6115200000000001
0.05917698499979451,0,0,1.3407529296874998,0,0,0.84084
0.062280352984089404,0,0,1.2378022583007813,0,0,0.91728
0.06540231299004517,0,0,1.2808978881835937,0,0,1.07016
0.06851838500006124,0,0,1.2904746948242187,0,0,0.3822
0.07169647398404777,0,0,1.1659762084960936,0,0,0.91728
0.07514067000010982,0,0,1.2737152832031249,0,0,1.07016
0.07828787100152113,0,0,1.3287819213867187,0,0,0.68796
0.08140877599362284,0,0,1.1875240234375,0,0,0.6115200000000001
0.08536815099068917,0,0,1.3479355346679687,0,0,0.91728
0.08849829598329961,0,0,1.2641384765625,0,0,1.1465999999999998
0.0916232010058593,0,0,1.2114660400390624,0,0,0.53508
0.09474264198797755,0,0,1.2713210815429687,0,0,0.7644
0.09786350998911075,0,0,1.4341267944335936,0,0,0.7644
0.10098317399388179,0,0,1.1252747802734375,0,0,0.6115200000000001
0.10410778198274784,0,0,1.3072341064453123,0,0,0.6115200000000001
0.10734816698823124,0,0,1.5011644409179687,0,0,1.2994800000000002
0.11047775598126464,0,0,1.426944189453125,0,0,0.91728
0.11358419799944386,0,0,1.2114660400390624,0,0,0.68796
0.11670460298773833,0,0,1.4915876342773438,0,0,1.1465999999999998
0.11982441498548724,0,0,1.2425906616210938,0,0,0.91728
0.12293904199032113,0,0,1.3718775512695311,0,0,0.91728
0.1260562609822955,0,0,1.24498486328125,0,0,0.84084
0.1291719809814822,0,0,1.4820108276367188,0,0,0.84084
0.13228997800615616,0,0,1.2761094848632812,0,0,0.84084
0.1354174189909827,0,0,1.1252747802734375,0,0,0.7644
0.13853600900620222,0,0,1.5466542724609373,0,0,0.7644
0.14166430200566538,0,0,1.438915197753906,0,0,0.7644
0.14478324400261045,0,0,1.3144167114257812,0,0,1.07016
0.1479165559867397,0,0,1.2928688964843749,0,0,0.99372
0.15108834899729118,0,0,1.350329736328125,0,0,0.91728
0.15420993900625035,0,0,1.1827356201171875,0,0,0.7644
0.15732826897874475,0,0,1.2976572998046874,0,0,0.0
0.16044587700162083,0,0,1.407790576171875,0,0,0.68796
0.16356352300499566,0,0,1.120486376953125,0,0,0.6115200000000001
0.16668031600420363,0,0,1.3215993164062498,0,0,0.6115200000000001
0.16979774000355974,0,0,1.5059528442382812,0,0,1.07016
0.17381544699310325,0,0,1.2713210815429687,0,0,1.07016
0.17731679198914208,0,0,1.2880804931640624,0,0,1.1465999999999998
0.180626638000831,0,0,1.3239935180664062,0,0,0.68796
0.18385870798374526,0,0,1.2521674682617188,0,0,0.91728
0.18700520499260165,0,0,1.3718775512695311,0,0,0.6115200000000001
0.1901119620015379,0,0,1.5059528442382812,0,0,0.84084
0.19323716199141927,0,0,1.43652099609375,0,0,0.68796
0.19637465898995288,0,0,1.2378022583007813,0,0,0.91728
0.1994743419927545,0,0,1.2832920898437499,0,0,0.91728
0.20258789497893304,0,0,1.3239935180664062,0,0,1.07016
0.20568876300239936,0,0,1.3670891479492187,0,0,0.99372
0.20878898198134266,0,0,1.3215993164062498,0,0,1.1465999999999998
0.21190525699057616,0,0,1.448492004394531,0,0,0.7644
0.2150223289791029,0,0,1.3239935180664062,0,0,0.91728
0.21816402897820808,0,0,1.2378022583007813,0,0,0.99372
0.22127884099609219,0,0,1.3718775512695311,0,0,0.91728
0.2243932279816363,0,0,1.35990654296875,0,0,0.53508
0.22750650299713016,0,0,1.177947216796875,0,0,0.91728
0.23061490699183196,0,0,1.3215993164062498,0,0,0.91728
0.23376869998173788,0,0,1.3239935180664062,0,0,0.84084
0.23659631199552678,0,0,1.2641384765625,0,0,0.84084
0.2395800149824936,0,0,1.3718775512695311,0,0,1.45236
0.24256334698293358,0,0,1.465251416015625,0,0,0.91728
0.24536712598637678,0,0,1.5562310791015623,0,0,0.84084
0.24816757199005224,0,0,1.2378022583007813,0,0,0.68796
0.250972907000687,0,0,1.2952630981445312,0,0,0.30576000000000003
0.2537603529926855,0,0,1.3551181396484375,0,0,0.7644
0.2565610019955784,0,0,1.0893617553710937,0,0,1.2994800000000002
0.25937667000107467,0,0,1.2401964599609374,0,0,1.07016
0.26228970699594356,0,0,1.3646949462890625,0,0,0.99372
0.2651029480039142,0,0,1.1061211669921875,0,0,0.91728
0.26790420900215395,0,0,1.1252747802734375,0,0,0.68796
0.27073109897901304,0,0,1.2928688964843749,0,0,1.1465999999999998
0.27351761900354177,0,0,1.4413093994140624,0,0,1.45236
0.27631802699761465,0,0,1.4221557861328125,0,0,0.7644
0.2791178059997037,0,0,1.369483349609375,0,0,0.6115200000000001
0.28191730799153447,0,0,1.2928688964843749,0,0,1.07016
0.2847154019982554,0,0,1.2401964599609374,0,0,1.1465999999999998
0.2875076250056736,0,0,1.189918225097656,0,0,1.07016
0.2902876079897396,0,0,1.2952630981445312,0,0,0.91728
0.29308953500003554,0,0,1.2114660400390624,0,0,1.1465999999999998
0.29589185200165957,0,0,1.2952630981445312,0,0,1.1465999999999998
0.29868885298492387,0,0,0.9265560424804687,0,0,0.6115200000000001
0.30147365099401213,0,0,1.3359645263671873,0,0,0.84084
0.3042702999955509,0,0,1.4772224243164063,0,0,-8.867040000000001
0.3070722270058468,0,0,1.2401964599609374,0,0,0.84084
0.30987130300491117,0,0,1.2832920898437499,0,0,0.84084
0.3126688599877525,0,0,1.3311761230468748,0,0,1.68168
0.3154668609786313,0,0,1.2785036865234374,0,0,0.91728
0.318281140003819,0,0,1.216254443359375,0,0,0.68796
0.3210926780011505,0,0,1.1324573852539062,0,0,0.7644
0.3238940309965983,0,0,1.2952630981445312,0,0,0.68796
0.32668899500276893,0,0,1.1827356201171875,0,0,0.84084
0.32948297800612636,0,0,1.1013327636718748,0,0,0.6115200000000001
0.3323075899970718,0,0,1.2641384765625,0,0,0.68796
0.33526582998456433,0,0,1.5418658691406248,0,0,1.2230400000000001
0.338384586997563,0,0,1.4628572143554686,0,0,0.6115200000000001
0.3415134910028428,0,0,1.216254443359375,0,0,0.99372
0.34463639598106965,0,0,1.2808978881835937,0,0,1.1465999999999998
0.3477487819909584,0,0,1.3263877197265623,0,0,0.99372
0.35084440899663605,0,0,1.3096283081054687,0,0,0.6115200000000001
0.3539674250059761,0,0,1.2856862915039062,0,0,1.2994800000000002
0.35707275598542765,0,0,1.3862427612304686,0,0,0.3822
0.3601857899921015,0,0,1.47482822265625,0,0,1.1465999999999998
0.36334543500561267,0,0,1.2880804931640624,0,0,0.6115200000000001
0.3664421909779776,0,0,1.5035586425781249,0,0,1.1465999999999998
0.3695782809809316,0,0,1.637633935546875,0,0,0.84084
0.3726909270044416,0,0,1.1444283935546875,0,0,0.6115200000000001
0.37580831299419515,0,0,1.3359645263671873,0,0,1.07016
0.37891966200550087,0,0,1.3383587280273437,0,0,1.07016
0.382034306996502,0,0,1.0773907470703123,0,0,0.68796
0.3851484339975286,0,0,1.3000515014648437,0,0,1.37592
0.3882656350033358,0,0,1.3311761230468748,0,0,0.91728
0.39138211400131695,0,0,1.3766659545898436,0,0,1.07016
0.3944949069991708,0,0,1.20667763671875,0,0,0.68796
0.3976095159887336,0,0,1.4437036010742186,0,0,0.7644
0.40072401298675686,0,0,1.484405029296875,0,0,0.68796
0.40384189898031764,0,0,1.177947216796875,0,0,0.84084
0.40695463700103574,0,0,1.3718775512695311,0,0,0.91728
0.41006854199804366,0,0,1.3742717529296875,0,0,1.5288
0.4131854099978227,0,0,1.3024457031249999,0,0,0.7644
0.41629925899906084,0,0,1.2976572998046874,0,0,1.5288
0.4194143670029007,0,0,1.3120225097656248,0,0,0.99372
0.42252645699772984,0,0,1.1563994018554686,0,0,0.7644
0.4256406019849237,0,0,1.2880804931640624,0,0,0.45864
0.42875167398597114,0,0,1.448492004394531,0,0,0.7644
0.4319239849864971,0,0,1.4101847778320311,0,0,0.53508
0.4350701489893254,0,0,1.3215993164062498,0,0,0.84084
0.4381880159780849,0,0,1.2880804931640624,0,0,1.07016
0.4413028839917388,0,0,1.3479355346679687,0,0,1.1465999999999998
0.4444167889887467,0,0,1.2234370483398436,0,0,0.6115200000000001
0.447558099986054,0,0,1.3239935180664062,0,0,0.84084
0.4506785050034523,0,0,1.4149731811523436,0,0,0.84084
0.453792946995236,0,0,1.1635820068359375,0,0,1.07016
0.4569067959964741,0,0,1.3000515014648437,0,0,-9.32568
0.4600429220008664,0,0,1.3814543579101561,0,0,1.07016
0.4631863819959108,0,0,1.3048399047851562,0,0,1.07016
0.4663029350049328,0,0,1.3048399047851562,0,0,0.91728
0.46941919199889526,0,0,1.3024457031249999,0,0,1.2994800000000002
0.4725346699997317,0,0,1.3551181396484375,0,0,0.84084
0.4756516679772176,0,0,1.3431471313476562,0,0,0.99372
0.4787639979913365,0,0,1.2497732666015624,0,0,1.911
0.48187855098512955,0,0,1.6400281372070311,0,0,0.84084
0.4849925849994179,0,0,1.3144167114257812,0,0,0.53508
0.48810782298096456,0,0,1.2785036865234374,0,0,0.3822
0.4912224319996312,0,0,1.388636962890625,0,0,0.91728
0.4943351699912455,0,0,1.3910311645507811,0,0,0.7644
0.4974487599974964,0,0,1.2497732666015624,0,0,0.99372
0.5005631829844788,0,0,1.3431471313476562,0,0,0.99372
0.5166474959987681,0,0,1.1611878051757811,0,0,0.84084
0.5198474549979437,0,0,1.350329736328125,0,0,1.83456
0.522943044983549,0,0,1.4245499877929686,0,0,0.91728
0.5263975569978356,0,0,1.1851298217773436,0,0,0.68796
0.5295672199863475,0,0,1.1468225952148436,0,0,0.84084
0.5327630869869608,0,0,1.2785036865234374,0,0,1.2230400000000001
0.5358152510016225,0,0,1.6831237670898436,0,0,0.6115200000000001
0.5385908639873378,0,0,1.3287819213867187,0,0,0.84084
0.5413890880008694,0,0,1.2641384765625,0,0,0.6115200000000001
0.544172070978675,0,0,1.3742717529296875,0,0,0.84084
0.5469468679802958,0,0,1.2856862915039062,0,0,1.07016
0.5497721470019314,0,0,1.1707646118164061,0,0,1.2994800000000002
0.552560315001756,0,0,1.3239935180664062,0,0,0.7644
0.5553660199802835,0,0,1.2641384765625,0,0,0.84084
0.5581354849855416,0,0,1.1324573852539062,0,0,0.84084
0.5609130789816845,0,0,1.2569558715820313,0,0,0.91728
0.5636894319904968,0,0,1.4915876342773438,0,0,1.1465999999999998
0.566472859994974,0,0,1.5682020874023437,0,0,0.53508
0.5692721389932558,0,0,1.0917559570312498,0,0,0.53508
0.5720632699958514,0,0,1.2785036865234374,0,0,1.2994800000000002
0.5748562709777616,0,0,1.4772224243164063,0,0,0.84084
0.5776364579796791,0,0,1.484405029296875,0,0,1.2994800000000002
0.5806795120006427,0,0,1.1923124267578125,0,0,0.84084
0.5839173589774873,0,0,1.467645617675781,0,0,0.84084
0.586863025004277,0,0,1.3646949462890625,0,0,-0.15288000000000002
0.589661192992935,0,0,1.3575123413085937,0,0,0.68796
0.5924554359808099,0,0,1.3670891479492187,0,0,1.75812
0.5952873069909401,0,0,1.407790576171875,0,0,1.1465999999999998
0.5980792159971315,0,0,1.5298948608398437,0,0,0.6115200000000001
0.6008702910039574,0,0,1.3479355346679687,0,0,0.7644
0.6036627549910918,0,0,1.2689268798828124,0,0,0.30576000000000003
0.6064499049971346,0,0,1.35990654296875,0,0,0.45864
0.6092408319818787,0,0,1.1324573852539062,0,0,0.99372
0.6120320750051178,0,0,1.2808978881835937,0,0,1.07016
0.6148197609873023,0,0,1.1420341918945311,0,0,0.84084
0.6177615199994761,0,0,1.2617442749023438,0,0,0.91728
0.6205763729813043,0,0,1.1755530151367186,0,0,0.84084
0.6235008910007309,0,0,1.1085153686523437,0,0,2.06388
0.626361131988233,0,0,1.3934253662109375,0,0,1.2230400000000001
0.6291729109943844,0,0,1.4317325927734375,0,0,0.7644
0.6319677089923061,0,0,1.177947216796875,0,0,0.91728
0.6347845059935935,0,0,1.3575123413085937,0,0,0.15288000000000002
0.6375753409811296,0,0,1.4867992309570313,0,0,0.68796
0.6403650830034167,0,0,1.0773907470703123,0,0,1.07016
0.6432078429788817,0,0,1.3766659545898436,0,0,0.7644
0.6459991589945275,0,0,1.4867992309570313,0,0,0.68796
0.6487887899857014,0,0,1.1348515869140625,0,0,1.1465999999999998
0.6515814029844478,0,0,1.0845733520507812,0,0,0.91728
0.6543669779784977,0,0,1.0893617553710937,0,0,0.68796
0.6571855350048281,0,0,1.438915197753906,0,0,0.84084
0.6599794249923434,0,0,1.4030021728515625,0,0,0.6115200000000001
0.6627674640039913,0,0,1.2042834350585936,0,0,0.68796
0.6655588169815019,0,0,1.2641384765625,0,0,0.84084
0.6683484849927481,0,0,1.419761584472656,0,0,2.36964
0.6711943190020975,0,0,1.3120225097656248,0,0,1.2994800000000002
0.673986153997248,0,0,1.2521674682617188,0,0,0.7644
0.6767768959980458,0,0,1.369483349609375,0,0,0.68796
0.6795672859880142,0,0,1.3144167114257812,0,0,1.2994800000000002
0.6823555470036808,0,0,1.218648645019531,0,0,0.84084
0.6851460670004599,0,0,1.1324573852539062,0,0,0.45864
0.6879379759775475,0,0,1.5059528442382812,0,0,0.68796
0.690724402986234,0,0,1.3192051147460937,0,0,0.99372
0.693514515995048,0,0,1.1324573852539062,0,0,0.84084
0.6963044620060828,0,0,1.254561669921875,0,0,1.37592
0.699096444004681,0,0,1.5275006591796874,0,0,0.91728
0.7018847609870136,0,0,1.2713210815429687,0,0,0.91728
0.7046964469773229,0,0,1.0797849487304687,0,0,0.68796
0.7074881519947667,0,0,1.1133037719726562,0,0,0.3822
0.7102755240048282,0,0,1.3287819213867187,0,0,0.7644
0.71306506198016,0,0,1.13006318359375,0,0,1.1465999999999998
0.715856544993585,0,0,1.2378022583007813,0,0,0.53508
0.718643472995609,0,0,1.3287819213867187,0,0,0.7644
0.7214346039982047,0,0,1.3215993164062498,0,0,1.1465999999999998
0.724222586984979,0,0,1.1707646118164061,0,0,0.99372
0.7270112179976422,0,0,1.3000515014648437,0,0,0.84084
0.7298037559958175,0,0,1.426944189453125,0,0,1.07016
0.7325926089833956,0,0,1.4604630126953124,0,0,0.84084
0.7354744430049323,0,0,1.149216796875,0,0,0.53508
0.7385251079977024,0,0,1.3359645263671873,0,0,0.3822
0.7416391049919184,0,0,1.2832920898437499,0,0,0.91728
0.7447514539817348,0,0,1.1731588134765625,0,0,1.2230400000000001
0.7478733769967221,0,0,1.3168109130859373,0,0,1.37592
0.7509964859928004,0,0,1.5298948608398437,0,0,0.53508
0.754113648989005,0,0,1.24498486328125,0,0,0.7644
0.7572061649989337,0,0,1.3742717529296875,0,0,0.68796
0.7603311809943989,0,0,1.5251064575195312,0,0,0.99372
0.7635201399971265,0,0,1.4006079711914061,0,0,0.7644
0.7667728399974294,0,0,1.1348515869140625,0,0,0.53508
0.7698869849846233,0,0,1.3431471313476562,0,0,0.84084
0.7729971119842958,0,0,1.1468225952148436,0,0,0.91728
0.7768717290018685,0,0,1.2425906616210938,0,0,0.99372
0.7800349110038951,0,0,1.3072341064453123,0,0,0.53508
0.7831467229989357,0,0,1.2330138549804688,0,0,1.2994800000000002
0.786256591003621,0,0,1.01514150390625,0,0,0.91728
0.7893657730019186,0,0,1.2761094848632812,0,0,1.37592
0.7924748819787055,0,0,1.3958195678710936,0,0,0.91728
0.7955840640061069,0,0,1.4987702392578124,0,0,0.84084
0.7986923209973611,0,0,1.2378022583007813,0,0,0.84084
0.8017997260030825,0,0,1.3766659545898436,0,0,0.84084
0.8049077969917562,0,0,1.6208745239257811,0,0,0.22932
0.8080176280054729,0,0,1.1372457885742187,0,0,0.99372
0.8113896959985141,0,0,1.22583125,0,0,1.07016
0.8145217119890731,0,0,1.2425906616210938,0,0,0.91728
0.817630208999617,0,0,1.13006318359375,0,0,0.84084
0.8207382620021235,0,0,1.3000515014648437,0,0,0.53508
0.8238502589811105,0,0,1.22583125,0,0,0.68796
0.8269558309984859,0,0,1.2018892333984375,0,0,0.91728
0.8300650320015848,0,0,1.3623007446289062,0,0,0.53508
0.8331819549784996,0,0,1.5059528442382812,0,0,1.07016
0.8363227109948639,0,0,1.6017209106445311,0,0,1.37592
0.8394313379831146,0,0,1.0749965454101562,0,0,0.84084
0.8425400389824063,0,0,1.3383587280273437,0,0,0.45864
0.8456514439894818,0,0,1.4245499877929686,0,0,0.99372
0.8487601630040444,0,0,1.1635820068359375,0,0,0.91728
0.8518697899999097,0,0,1.24498486328125,0,0,0.7644
0.8549752690014429,0,0,1.3455413330078123,0,0,0.6115200000000001
0.8580846739932895,0,0,1.2713210815429687,0,0,0.91728
0.8612182259967085,0,0,1.2689268798828124,0,0,0.53508
0.864327315997798,0,0,1.4437036010742186,0,0,1.07016
0.8674403689801693,0,0,1.6065093139648436,0,0,0.68796
0.8705454779847059,0,0,1.2832920898437499,0,0,0.91728
0.8736534570052754,0,0,1.2689268798828124,0,0,1.5288
0.8767612130031921,0,0,1.5011644409179687,0,0,2.14032
0.8799643199890852,0,0,2.0087351928710935,0,0,2.2167600000000003
0.883076298981905,0,0,2.3056161987304686,0,0,1.83456
0.8861615749774501,0,0,2.418143676757812,0,0,0.84084
0.8895027359831147,0,0,1.7429788085937499,0,0,1.1465999999999998
0.8927109729847871,0,0,1.2880804931640624,0,0,1.45236
0.8958262849773746,0,0,1.9871873779296874,0,0,1.45236
0.8989298559899908,0,0,2.1356278808593747,0,0,1.75812
0.9020382979942951,0,0,1.8411410766601561,0,0,1.37592
0.9051456839952152,0,0,1.7334020019531249,0,0,1.5288
0.9082922739908099,0,0,1.9871873779296874,0,0,1.07016
0.9114020669949241,0,0,1.7549498168945312,0,0,1.2230400000000001
0.9145063420000952,0,0,1.7836802368164062,0,0,1.1465999999999998
0.9176135619927663,0,0,1.8148048583984373,0,0,1.5288
0.9207218189840205,0,0,1.5921441040039062,0,0,1.60524
0.9238322970049921,0,0,2.138022082519531,0,0,1.98744
0.9269413870060816,0,0,1.9033903198242186,0,0,1.2230400000000001
0.9300489960005507,0,0,1.4149731811523436,0,0,1.5288
0.9331574749958236,0,0,1.7525556152343749,0,0,1.2994800000000002
0.9362835270003416,0,0,1.2234370483398436,0,0,1.60524
0.9393971359822899,0,0,1.924938134765625,0,0,1.68168
0.9425113739853259,0,0,2.020706201171875,0,0,1.2994800000000002
0.9456257970014121,0,0,2.003946789550781,0,0,0.30576000000000003
0.9487204609904438,0,0,2.042254016113281,0,0,1.911
0.9518248099775519,0,0,1.39821376953125,0,0,1.1465999999999998
0.9549312150047626,0,0,1.0917559570312498,0,0,0.91728
0.9580236759793479,0,0,2.128445275878906,0,0,2.4460800000000003
0.9611383209994528,0,0,2.2553379638671873,0,0,2.06388
0.9642611889867112,0,0,1.649604943847656,0,0,0.6115200000000001
0.9673970929870848,0,0,2.2864625854492187,0,0,1.45236
0.9705542929877993,0,0,1.915361328125,0,0,1.2994800000000002
0.9736637540045194,0,0,1.01514150390625,0,0,1.45236
0.9767709729785565,0,0,2.1499930908203124,0,0,1.83456
0.979881267005112,0,0,1.4628572143554686,0,0,1.5288
0.9829859499877784,0,0,1.7190367919921874,0,0,1.1465999999999998
0.986094502004562,0,0,2.0877438476562498,0,0,1.45236
0.9892286289832555,0,0,1.0869675537109373,0,0,2.90472
0.9923361819819547,0,0,2.4061726684570313,0,0,1.83456
0.9954445309995208,0,0,2.1356278808593747,0,0,0.84084
0.9985516949964222,0,0,2.710236279296875,0,0,0.3822
1.0016739330021665,0,0,1.9895815795898437,0,0,0.6115200000000001
1.0048897999804467,0,0,1.7525556152343749,0,0,1.2230400000000001
1.0081144619907718,0,0,2.133233679199219,0,0,2.4460800000000003
1.0113908649946097,0,0,1.5921441040039062,0,0,1.07016
1.0146029159950558,0,0,1.3862427612304686,0,0,1.37592
1.017907503992319,0,0,1.5801730957031248,0,0,9.555
1.0211251659784466,0,0,1.5442600708007812,0,0,1.2230400000000001
1.0244799199863337,0,0,1.6711527587890624,0,0,2.6754
1.0276408240024466,0,0,1.8650830932617186,0,0,1.68168
1.0308728200034238,0,0,1.3910311645507811,0,0,9.40212
1.0340825750026852,0,0,2.042254016113281,0,0,3.2869200000000003
1.0373448299942538,0,0,1.7860744384765623,0,0,2.52252
1.0401450530043803,0,0,1.235408056640625,0,0,0.22932
1.0426904649939388,0,0,0.7876923461914062,0,0,0.15288000000000002
1.0452273399860132,0,0,1.9752163696289062,0,0,1.911
1.0477788999851327,0,0,2.6216508178710938,0,0,0.99372
1.0509543599910103,0,0,0.34237083740234375,0,0,0.22932
1.0535071229969617,0,0,1.8339584716796873,0,0,1.98744
1.0561322379799094,0,0,3.308786694335937,0,0,2.36964
1.0587041309918277,0,0,1.216254443359375,0,0,-0.3822
1.0612519689893816,0,0,-0.05746083984375,0,0,0.68796
1.0638411580002867,0,0,4.242525341796875,0,0,2.90472
1.0666533629992045,0,0,2.2744915771484373,0,0,0.84084
1.0693081619974691,0,0,-0.55545478515625,0,0,0.0
1.0719542400038335,0,0,2.1260510742187497,0,0,0.3822
1.0746331499831285,0,0,2.50912333984375,0,0,0.84084
1.0772891899978276,0,0,-1.3192051147460937,0,0,0.53508
1.0799010089831427,0,0,0.7900865478515624,0,0,2.2167600000000003
1.0835877579811495,0,0,1.9704279663085937,0,0,1.07016
1.0861893539840821,0,0,-0.17238251953125,0,0,1.5288
1.0900040459819138,0,0,2.8371289672851563,0,0,0.91728
1.0926302720035892,0,0,0.4429273071289062,0,0,9.24924
1.0954818649915978,0,0,1.5562310791015623,0,0,1.68168
1.0981913679861464,0,0,3.0597897216796874,0,0,1.07016
1.1008454260008875,0,0,0.43574470214843747,0,0,0.0
1.1035141889879014,0,0,1.6017209106445311,0,0,1.83456
1.1061896169849206,0,0,3.0741549316406247,0,0,1.07016
1.1087580659950618,0,0,0.718260498046875,0,0,9.32568
1.1112945149943698,0,0,1.3431471313476562,0,0,1.2230400000000001
1.1138230199867394,0,0,2.3535002319335936,0,0,1.07016
1.1163595799880568,0,0,0.6871358764648438,0,0,0.0
1.1188889000040945,0,0,0.40940848388671874,0,0,2.5989600000000004
1.121419718983816,0,0,2.3535002319335936,0,0,2.5989600000000004
1.1239528349833563,0,0,1.5873557006835937,0,0,0.0
1.126480487990193,0,0,0.7876923461914062,0,0,0.53508
1.1290100479964167,0,0,2.0087351928710935,0,0,1.60524
1.1315430529939476,0,0,0.6416460449218749,0,0,0.3822
1.134070020983927,0,0,-0.2657563842773437,0,0,0.6115200000000001
1.1366951539821457,0,0,2.4564509033203126,0,0,1.75812
1.1391617329791188,0,0,2.114080065917969,0,0,1.75812
1.1413091129797976,0,0,-0.32561142578124996,0,0,9.47856
1.1434636600024533,0,0,1.7501614135742187,0,0,1.2230400000000001
1.145610484003555,0,0,2.8993782104492185,0,0,1.83456
1.147755308978958,0,0,1.9847931762695312,0,0,1.83456
1.1498984109784942,0,0,-0.5410895751953124,0,0,0.0
1.1520453279954381,0,0,0.7230489013671875,0,0,0.30576000000000003
1.154188874992542,0,0,2.039859814453125,0,0,1.45236
1.1563338479900267,0,0,1.3623007446289062,0,0,0.6115200000000001
1.1584776719973888,0,0,0.5339069702148437,0,0,1.07016
1.1606216819782276,0,0,1.3239935180664062,0,0,1.07016
1.162765135988593,0,0,1.8291700683593748,0,0,1.1465999999999998
1.1649096820037812,0,0,1.7884686401367187,0,0,-0.68796
1.1670577109907754,0,0,0.47884033203125,0,0,0.99372
1.169202516990481,0,0,1.5897499023437498,0,0,1.45236
1.1713455449789762,0,0,0.9792284790039062,0,0,1.2994800000000002
1.1734848319902085,0,0,-0.11013327636718749,0,0,0.45864
1.1761177989828866,0,0,2.090138049316406,0,0,1.45236
1.1784052319999319,0,0,2.224213342285156,0,0,1.5288
1.1815875619940925,0,0,-0.201112939453125,0,0,1.2230400000000001
1.1837305719964206,0,0,1.879448303222656,0,0,2.2931999999999997
1.1858580819971394,0,0,2.5665841796874997,0,0,0.68796
1.1880001099780202,0,0,1.3383587280273437,0,0,0.53508
1.1901383049844299,0,0,0.3806780639648437,0,0,0.7644
1.1922763519978616,0,0,1.6424223388671875,0,0,1.2230400000000001
1.1944122499844525,0,0,1.0965443603515623,0,0,0.7644
1.1965781299804803,0,0,0.7685387329101562,0,0,0.45864
1.1987177879782394,0,0,1.37906015625,0,0,1.2994800000000002
1.2008602239948232,0,0,2.499546533203125,0,0,1.2230400000000001
1.2029996039927937,0,0,1.3096283081054687,0,0,0.15288000000000002
1.2051382059871685,0,0,0.3112462158203125,0,0,-0.7644
1.2072797529981472,0,0,2.6192566162109374,0,0,1.98744
1.2094160029955674,0,0,2.3774422485351563,0,0,1.45236
1.2115550129965413,0,0,0.30406361083984373,0,0,0.99372
1.2136935599846765,0,0,-0.603338818359375,0,0,0.0
1.215834292001091,0,0,2.5450363647460934,0,0,2.06388
1.2179703940055333,0,0,2.971204260253906,0,0,2.5989600000000004
1.2201081810053438,0,0,0.42377369384765623,0,0,0.0
1.2222447840031236,0,0,0.062249243164062495,0,0,0.15288000000000002
1.224382700980641,0,0,2.281674182128906,0,0,1.68168
1.2265192109916825,0,0,1.7166425903320313,0,0,1.2230400000000001
1.2286638130026404,0,0,0.21068974609375,0,0,-0.84084
1.2308041380019858,0,0,0.3112462158203125,0,0,1.2994800000000002
1.2329444619826972,0,0,2.473210314941406,0,0,0.99372
1.2350832499796525,0,0,1.7980454467773437,0,0,0.0
1.2372502219805028,0,0,0.2059013427734375,0,0,0.6115200000000001
1.239583988004597,0,0,2.1691467041015624,0,0,1.1465999999999998
1.2426889119960833,0,0,0.7876923461914062,0,0,-9.707880000000001
1.2457958349841647,0,0,-0.30406361083984373,0,0,1.5288
1.24911720000091,0,0,2.935291235351562,0,0,1.68168
1.2522121049987618,0,0,-0.15562310791015624,0,0,9.172799999999999
1.2554861370008439,0,0,2.214636535644531,0,0,2.52252
1.2586137639882509,0,0,2.281674182128906,0,0,1.75812
1.2617390759987757,0,0,-1.0678139404296874,0,0,0.30576000000000003
1.264901831978932,0,0,2.4516625,0,0,1.07016
1.2681391979858745,0,0,0.41898529052734373,0,0,-0.15288000000000002
1.2712842129985802,0,0,1.9871873779296874,0,0,1.98744
1.274408155004494,0,0,1.9752163696289062,0,0,-9.555
1.2782803459849674,0,0,0.32561142578124996,0,0,1.2230400000000001
1.2814275279815774,0,0,3.35188232421875,0,0,0.99372
1.2845517109963112,0,0,0.22744915771484372,0,0,0.0
1.287666263000574,0,0,1.5466542724609373,0,0,1.83456
1.290763741999399,0,0,2.1499930908203124,0,0,1.07016
1.2938907769857906,0,0,-1.5179238525390624,0,0,-9.784320000000001
1.2970142179983668,0,0,3.4715924072265625,0,0,1.98744
1.3001350669946987,0,0,0.6560112548828124,0,0,9.24924
1.3032506379822735,0,0,1.0438719238281249,0,0,1.68168
1.3063472469802946,0,0,2.636016027832031,0,0,1.68168
1.309468614985235,0,0,-0.6512228515624999,0,0,-0.6115200000000001
1.312589555978775,0,0,2.1356278808593747,0,0,1.45236
1.315707775996998,0,0,1.917755529785156,0,0,-9.784320000000001
1.3188234029803425,0,0,-0.29448680419921874,0,0,2.14032
1.3219411780009978,0,0,2.5067291381835934,0,0,0.91728
1.3253656519809738,0,0,-0.01915361328125,0,0,0.0
1.328482704993803,0,0,1.9991583862304687,0,0,1.1465999999999998
1.331614405993605,0,0,1.7669208251953124,0,0,-9.784320000000001
1.3347192920045927,0,0,-0.09337386474609374,0,0,1.60524
1.3379126589861698,0,0,2.521094348144531,0,0,2.2167600000000003
1.3410351009806618,0,0,0.0430956298828125,0,0,0.45864
1.3446324440010358,0,0,1.6639701538085936,0,0,1.37592
1.347772070002975,0,0,2.530671154785156,0,0,-0.30576000000000003
1.3508865119947586,0,0,-0.718260498046875,0,0,1.2230400000000001
1.353995287005091,0,0,1.8770541015625,0,0,0.3822
1.3570979879877996,0,0,0.45010991210937495,0,0,0.99372
1.3602117449918296,0,0,2.2960393920898436,0,0,1.37592
1.3633328339783475,0,0,1.2737152832031249,0,0,0.22932
1.3664453869860154,0,0,0.28012159423828126,0,0,2.52252
1.3695617920020595,0,0,2.829946362304687,0,0,1.1465999999999998
1.3726772340014577,0,0,0.24181436767578124,0,0,0.0
1.375794767984189,0,0,1.5945383056640625,0,0,1.2994800000000002
1.3789073950028978,0,0,1.898601916503906,0,0,1.2994800000000002
1.3820234849990811,0,0,-0.0143652099609375,0,0,0.0
1.385140648984816,0,0,2.7916391357421872,0,0,0.84084
1.3882904229976702,0,0,0.8259995727539062,0,0,0.0
1.3914066059805918,0,0,1.3575123413085937,0,0,1.2994800000000002
1.3945185289776418,0,0,1.2737152832031249,0,0,2.2931999999999997
1.3976337669882923,0,0,0.6631938598632812,0,0,0.99372
1.4007486350019462,0,0,2.1404162841796874,0,0,1.2994800000000002
1.4038653539901134,0,0,0.5363011718749999,0,0,-0.91728
1.4069797589909285,0,0,1.9105729248046874,0,0,2.2931999999999997
1.4100950519787148,0,0,1.3239935180664062,0,0,0.22932
1.413213697989704,0,0,-0.15562310791015624,0,0,0.30576000000000003
1.416330175998155,0,0,3.785232824707031,0,0,1.83456
1.4194469139911234,0,0,1.0797849487304687,0,0,-1.1465999999999998
1.4225610040011816,0,0,-0.82360537109375,0,0,1.2994800000000002
1.425677352992352,0,0,3.306392492675781,0,0,0.6115200000000001
1.428789498982951,0,0,0.229843359375,0,0,0.7644
1.4319334589818027,0,0,1.8722656982421875,0,0,0.91728
1.4350791960023344,0,0,1.5921441040039062,0,0,0.53508
1.4382258779951371,0,0,0.6057330200195312,0,0,2.14032
1.4413410239794757,0,0,2.482787121582031,0,0,0.30576000000000003
1.444456465978874,0,0,-0.411802685546875,0,0,-0.53508
1.4475757039908785,0,0,3.0238766967773434,0,0,2.4460800000000003
1.4506891269993503,0,0,1.5298948608398437,0,0,0.45864
1.4538058280013502,0,0,-0.430956298828125,0,0,0.68796
1.4569226210005581,0,0,4.537012145996093,0,0,2.5989600000000004
1.4600395069865044,0,0,-0.41419688720703124,0,0,-1.37592
1.4631841899827123,0,0,1.2114660400390624,0,0,2.82828
1.4663000389991794,0,0,3.0430303100585934,0,0,1.1465999999999998
1.4694157399935648,0,0,-0.97683427734375,0,0,-0.30576000000000003
1.472533828986343,0,0,1.7717092285156248,0,0,1.2230400000000001
1.4756509189901408,0,0,2.3319524169921872,0,0,0.15288000000000002
1.4787638239795342,0,0,0.143652099609375,0,0,2.2167600000000003
1.4818786550022196,0,0,2.166752502441406,0,0,0.30576000000000003
1.4849951329815667,0,0,0.0143652099609375,0,0,0.7644
1.4881109819980338,0,0,2.370259643554687,0,0,1.07016
1.4912270909990184,0,0,1.7908628417968748,0,0,-0.3822
1.4943432179861702,0,0,-1.3311761230468748,0,0,0.3822
1.4974598999833688,0,0,3.6631285400390623,0,0,1.68168
1.500576470978558,0,0,1.3479355346679687,0,0,-0.7644
1.5036932840012014,0,0,0.009576806640625,0,0,0.91728
1.5068060399789829,0,0,2.626439221191406,0,0,1.5288
1.5099203519930597,0,0,-1.6232687255859375,0,0,0.07644000000000001
1.5130362939962652,0,0,2.3822306518554686,0,0,1.2230400000000001
1.516210586996749,0,0,2.001552587890625,0,0,0.0
1.519454138004221,0,0,0.9648632690429687,0,0,1.37592
1.522565005987417,0,0,2.2481553588867187,0,0,1.2994800000000002
1.5256803359952755,0,0,0.16998831787109375,0,0,-1.1465999999999998
1.528792851982871,0,0,2.808398547363281,0,0,1.98744
1.5319373669917695,0,0,0.6488286499023437,0,0,-1.1465999999999998
1.5350791050004773,0,0,1.0438719238281249,0,0,2.6754
1.538229619996855,0,0,2.8012159423828122,0,0,2.2167600000000003
1.5413457099930383,0,0,0.04548983154296875,0,0,-0.68796
1.5444529299857095,0,0,1.66636435546875,0,0,1.68168
1.5476088899886236,0,0,1.936909143066406,0,0,-1.1465999999999998
1.5507531269977335,0,0,0.7445967163085937,0,0,0.53508
1.5538616800040472,0,0,2.4875755249023435,0,0,1.37592
1.5569677699822932,0,0,1.0342951171875,0,0,0.53508
1.5600761380046606,0,0,0.8379705810546875,0,0,0.45864
1.563515945977997,0,0,1.9201497314453124,0,0,0.0
1.5666491839801893,0,0,-0.27293898925781246,0,0,1.45236
1.5701351019961294,0,0,1.3335703247070312,0,0,0.6115200000000001
1.573270839988254,0,0,0.9409212524414062,0,0,0.45864
1.5763907069922425,0,0,2.482787121582031,0,0,2.14032
1.5795051119930577,0,0,1.1348515869140625,0,0,-1.37592
1.5826022950059269,0,0,-0.36391865234375,0,0,2.2931999999999997
1.5857269589905627,0,0,2.0973206542968748,0,0,1.2230400000000001
1.5888445299933665,0,0,-0.32082302246093747,0,0,1.1465999999999998
1.5919651750009507,0,0,2.863465185546875,0,0,1.45236
1.5950838209828362,0,0,1.4700398193359374,0,0,1.2230400000000001
1.5981815769919194,0,0,-0.3711012573242187,0,0,0.0
1.601328240998555,0,0,2.8227637573242186,0,0,1.07016
1.6044449420005549,0,0,0.584185205078125,0,0,0.30576000000000003
1.6075610129919369,0,0,1.5131354492187499,0,0,1.911
1.610674843977904,0,0,1.235408056640625,0,0,1.37592
1.6137907119991723,0,0,0.181959326171875,0,0,0.7644
1.6169061719847377,0,0,2.9496564453125,0,0,1.911
1.620021316979546,0,0,0.3280056274414062,0,0,-1.45236
1.6231365370040294,0,0,1.9895815795898437,0,0,2.06388
1.6262536449939944,0,0,2.3295582153320313,0,0,1.83456
1.629364086984424,0,0,-1.1563994018554686,0,0,-0.6115200000000001
1.632540397986304,0,0,2.6408044311523438,0,0,1.83456
1.6356590619834606,0,0,0.6368576416015624,0,0,-0.7644
1.6388085399812553,0,0,1.1827356201171875,0,0,2.4460800000000003
1.6419250189792365,0,0,2.0757728393554684,0,0,0.3822
1.6450415900035296,0,0,-0.5410895751953124,0,0,1.1465999999999998
1.64815958798863,0,0,2.789244934082031,0,0,1.5288
1.6513176209991798,0,0,1.637633935546875,0,0,-0.30576000000000003
1.6544352479977533,0,0,-0.8355763793945312,0,0,1.1465999999999998
1.6575525600055698,0,0,3.689464758300781,0,0,1.07016
1.6606683539866935,0,0,-0.8738836059570312,0,0,0.0
1.66378566599451,0,0,2.042254016113281,0,0,0.68796
1.6668989229947329,0,0,2.0661960327148434,0,0,0.3822
1.6700150489923544,0,0,-1.35990654296875,0,0,0.07644000000000001
1.6731313609925564,0,0,3.0909143432617188,0,0,1.2994800000000002
1.676272913988214,0,0,1.7453730102539062,0,0,0.30576000000000003
1.6794191699882504,0,0,0.48123453369140623,0,0,1.45236
1.6825338339840528,0,0,2.032677209472656,0,0,2.06388
1.6856487389886752,0,0,-0.277727392578125,0,0,-0.91728
1.6887684579996858,0,0,2.4301146850585935,0,0,1.45236
1.6918844920000993,0,0,1.7525556152343749,0,0,-0.99372
1.6949981009820476,0,0,0.7302315063476562,0,0,2.06388
1.6981125239981338,0,0,2.47081611328125,0,0,1.83456
1.701227391982684,0,0,-0.603338818359375,0,0,-0.99372
1.7043441849818919,0,0,1.7860744384765623,0,0,1.2994800000000002
1.7074610340059735,0,0,2.863465185546875,0,0,-0.30576000000000003
1.7105741239793133,0,0,-0.16041151123046873,0,0,0.6115200000000001
1.7136895839939825,0,0,3.3016040893554686,0,0,1.37592
1.7168037109950092,0,0,0.8116343627929687,0,0,9.631440000000001
1.7199186529906,0,0,1.0079588989257813,0,0,0.15288000000000002
1.7230579649913125,0,0,2.422932080078125,0,0,0.99372
1.7261750729812775,0,0,-0.7733271362304687,0,0,0.0
1.729287829977693,0,0,2.039859814453125,0,0,1.68168
1.7324327899841592,0,0,1.7501614135742187,0,0,0.3822
1.735548230994027,0,0,1.388636962890625,0,0,1.07016
1.7386621549958363,0,0,1.917755529785156,0,0,1.68168
1.7418076889880467,0,0,-0.8020575561523438,0,0,8.4084
1.7455555109772831,0,0,2.798821740722656,0,0,1.45236
1.7486829159897752,0,0,0.18435352783203124,0,0,0.30576000000000003
1.7517856909835245,0,0,1.1180921752929687,0,0,0.3822
1.7548825219855644,0,0,3.0454245117187497,0,0,2.4460800000000003
1.7579831490002107,0,0,-0.6105214233398437,0,0,8.943480000000001
1.761102349992143,0,0,1.8243816650390623,0,0,1.68168
1.7642191619961523,0,0,1.8555062866210936,0,0,0.22932
1.7674023619911168,0,0,0.4213794921875,0,0,1.68168
1.770585061982274,0,0,1.9225439331054686,0,0,2.2931999999999997
1.7737082999956328,0,0,-0.047884033203124995,0,0,-0.22932
1.7768329639802687,0,0,2.798821740722656,0,0,1.911
1.7799432939791586,0,0,0.8212111694335937,0,0,-1.98744
1.7831213089812081,0,0,0.5506663818359374,0,0,2.14032
1.7862443439953495,0,0,2.2864625854492187,0,0,1.2994800000000002
1.7893646000011358,0,0,0.28012159423828126,0,0,0.30576000000000003
1.7924823939974885,0,0,2.9855694702148434,0,0,2.06388
1.7955933909979649,0,0,1.8195932617187498,0,0,-9.47856
1.7986892219923902,0,0,0.2920926025390625,0,0,1.2994800000000002
1.8018065340002067,0,0,2.1116858642578125,0,0,0.30576000000000003
1.8049237160012126,0,0,0.2154781494140625,0,0,0.6115200000000001
1.8080401759943925,0,0,1.8650830932617186,0,0,0.84084
1.81118196999887,0,0,1.3862427612304686,0,0,-8.25552
1.8142972259956878,0,0,-0.06464344482421874,0,0,1.2994800000000002
1.81743205699604,0,0,2.50912333984375,0,0,1.1465999999999998
1.820546368981013,0,0,-0.622492431640625,0,0,9.631440000000001
1.8236674579966348,0,0,2.528276953125,0,0,0.91728
1.8267979740048759,0,0,1.66636435546875,0,0,2.4460800000000003
1.8299111189844552,0,0,-1.2952630981445312,0,0,-0.68796
1.833064097998431,0,0,3.835511059570312,0,0,2.2931999999999997
1.8361801319988444,0,0,1.2234370483398436,0,0,-2.4460800000000003
1.839365980005823,0,0,2.0877438476562498,0,0,1.98744
1.842519533005543,0,0,2.0087351928710935,0,0,2.98116
1.845637196995085,0,0,-1.7357962036132812,0,0,-0.30576000000000003
1.8487586939882021,0,0,3.593696691894531,0,0,2.75184
1.851869968988467,0,0,1.2378022583007813,0,0,-0.99372
1.854964817990549,0,0,-0.3806780639648437,0,0,1.75812
1.8580879639775958,0,0,4.2305543334960936,0,0,1.60524
1.861220663995482,0,0,-0.9026140258789062,0,0,-1.2230400000000001
1.8643386240000837,0,0,3.708618371582031,0,0,1.07016
1.8674558069906197,0,0,1.5610194824218748,0,0,-0.99372
1.8705819890019484,0,0,-1.9321207397460936,0,0,9.32568
1.8737014859798364,0,0,3.7110125732421873,0,0,0.99372
1.8768157239828724,0,0,0.0430956298828125,0,0,-0.3822
1.880258994991891,0,0,0.2561795776367187,0,0,9.47856
1.8833752700011246,0,0,1.5682020874023437,0,0,1.60524
1.886477156978799,0,0,-2.4684219116210935,0,0,-1.07016
1.8896067650057375,0,0,2.8658593872070313,0,0,0.7644
1.8928399269934744,0,0,1.7429788085937499,0,0,1.75812
1.895964979979908,0,0,-1.5705962890624998,0,0,0.3822
1.899086217978038,0,0,3.821145849609375,0,0,1.5288
1.9022332149907015,0,0,0.70868369140625,0,0,-2.14032
1.9053563789930195,0,0,0.0430956298828125,0,0,-0.53508
1.9084745610016398,0,0,2.3870190551757813,0,0,9.47856
1.9115941319905687,0,0,-0.2657563842773437,0,0,1.5288
1.9147110369813163,0,0,-0.12689268798828124,0,0,2.6754
1.917829571000766,0,0,3.2609026611328122,0,0,1.07016
1.920946586993523,0,0,-0.47165772705078124,0,0,-3.822
1.924067046988057,0,0,-0.12210428466796874,0,0,8.943480000000001
1.927212729002349,0,0,2.858676782226562,0,0,2.4460800000000003
1.9303287449874915,0,0,-1.1851298217773436,0,0,0.22932
1.9334660570020787,0,0,1.24498486328125,0,0,9.555
1.9365834619966336,0,0,2.2840683837890623,0,0,1.2994800000000002
1.939702050993219,0,0,0.41898529052734373,0,0,9.631440000000001
1.9428528819989879,0,0,-0.016759411621093748,0,0,0.07644000000000001
1.9459820449992549,0,0,1.3431471313476562,0,0,0.0
1.9491255049942993,0,0,0.1580173095703125,0,0,0.84084
1.95227729799808,0,0,1.8195932617187498,0,0,0.7644
1.9553995360038243,0,0,0.6416460449218749,0,0,0.45864
1.9585129219922237,0,0,0.229843359375,0,0,0.15288000000000002
1.9616289379773661,0,0,1.197100830078125,0,0,0.68796
1.964745546982158,0,0,0.5913678100585937,0,0,0.45864
1.9678636919998098,0,0,0.41898529052734373,0,0,-0.22932
1.970977947989013,0,0,0.9002198242187499,0,0,0.30576000000000003
1.9741027790005319,0,0,1.429338391113281,0,0,0.68796
1.9772216839774046,0,0,-0.3806780639648437,0,0,0.07644000000000001
1.9803392179892398,0,0,1.180341418457031,0,0,0.0
1.9834567710058764,0,0,1.0630255371093749,0,0,-9.631440000000001
1.986570990004111,0,0,0.1580173095703125,0,0,1.1465999999999998
1.9897344500059262,0,0,1.4221557861328125,0,0,0.53508
1.992852650990244,0,0,0.7302315063476562,0,0,-0.30576000000000003
1.9959722409839742,0,0,0.9145850341796874,0,0,-0.30576000000000003
1.9990900339907967,0,0,0.6560112548828124,0,0,0.3822
2.0022065869998187,0,0,0.1580173095703125,0,0,0.0
2.0053190659964457,0,0,1.2641384765625,0,0,0.84084
2.0086322459974326,0,0,0.7661445312499999,0,0,0.07644000000000001
2.0117454279970843,0,0,0.9074024291992187,0,0,0.15288000000000002
2.014850776991807,0,0,1.158793603515625,0,0,0.15288000000000002
2.018040476978058,0,0,0.7613561279296874,0,0,9.47856
2.021400675002951,0,0,0.8379705810546875,0,0,0.7644
2.0246313749812543,0,0,0.09337386474609374,0,0,-9.707880000000001
2.027752872003475,0,0,1.37906015625,0,0,1.2994800000000002
2.030938238982344,0,0,0.9121908325195311,0,0,-0.22932
2.0340635140019003,0,0,0.2442085693359375,0,0,0.15288000000000002
2.037194103002548,0,0,1.9728221679687499,0,0,0.84084
2.0403160629794,0,0,0.29448680419921874,0,0,-0.53508
2.043474874983076,0,0,0.33039982910156246,0,0,0.0
2.0465899459959473,0,0,1.35990654296875,0,0,1.2230400000000001
2.0496914989780635,0,0,0.19871873779296872,0,0,0.53508
2.052811532979831,0,0,0.7230489013671875,0,0,0.91728
2.0559308829833753,0,0,1.4125789794921875,0,0,0.15288000000000002
2.0590744719957,0,0,1.01514150390625,0,0,0.0
2.062193172983825,0,0,0.6344634399414062,0,0,0.07644000000000001
2.0653107999823987,0,0,0.9433154541015625,0,0,0.84084
2.0684779259900097,0,0,0.928950244140625,0,0,0.30576000000000003
2.071631348982919,0,0,0.7541735229492187,0,0,0.7644
2.074748864979483,0,0,1.5969325073242187,0,0,1.2230400000000001
2.0778659909847192,0,0,1.0630255371093749,0,0,0.68796
2.0809709889872465,0,0,1.1923124267578125,0,0,0.91728
2.0840709680051077,0,0,1.2785036865234374,0,0,0.68796
2.0905188109900337,0,0,1.2569558715820313,0,0,0.53508
2.0936436420015525,0,0,1.22583125,0,0,0.91728
2.0967479169776198,0,0,1.3670891479492187,0,0,0.7644
2.099858339992352,0,0,1.5729904907226562,0,0,0.99372
2.1029733379837126,0,0,1.1133037719726562,0,0,0.7644
2.106088982982328,0,0,1.2593500732421874,0,0,0.91728
2.1092788679816294,0,0,1.599326708984375,0,0,0.53508
2.1124829009932,0,0,1.3215993164062498,0,0,0.7644
2.1156713789969217,0,0,1.2761094848632812,0,0,0.45864
2.1188606529904064,0,0,1.3192051147460937,0,0,0.84084
2.1220596679777373,0,0,1.2282254516601563,0,0,0.91728
2.125297441991279,0,0,0.9457096557617187,0,0,0.45864
2.1285661409783643,0,0,1.235408056640625,0,0,0.53508
2.131815987988375,0,0,1.455674609375,0,0,0.6115200000000001
2.1350750949932262,0,0,1.20667763671875,0,0,1.07016
2.1385851980012376,0,0,1.4532804077148436,0,0,0.6115200000000001
2.1419103409862146,0,0,1.5155296508789062,0,0,0.91728
2.1451048369926866,0,0,1.199495031738281,0,0,0.6115200000000001
2.1484679239802063,0,0,1.3311761230468748,0,0,0.45864
2.151305720995879,0,0,1.8243816650390623,0,0,1.07016
2.154092888988089,0,0,1.216254443359375,0,0,0.84084
2.156886704993667,0,0,1.005564697265625,0,0,-0.53508
2.1596771139884368,0,0,1.4867992309570313,0,0,0.84084
2.1624607449921314,0,0,1.3575123413085937,0,0,1.1465999999999998
2.1652550979924854,0,0,1.0271125122070313,0,0,0.91728
2.1680416179879103,0,0,1.2234370483398436,0,0,0.68796
2.1708407120022457,0,0,1.4915876342773438,0,0,1.2230400000000001
2.1736554719973356,0,0,1.3287819213867187,0,0,0.15288000000000002
2.177493441995466,0,0,0.9241618408203125,0,0,-9.555
2.180553402984515,0,0,1.2593500732421874,0,0,1.07016
2.1835015499964356,0,0,1.35990654296875,0,0,0.45864
2.186428642977262,0,0,1.254561669921875,0,0,0.3822
2.1894389929948375,0,0,1.5179238525390624,0,0,0.68796
2.192384214984486,0,0,1.5634136840820312,0,0,0.6115200000000001
2.195369658002164,0,0,1.1923124267578125,0,0,0.3822
2.1983139349904377,0,0,1.1947066284179686,0,0,0.07644000000000001
2.201253730978351,0,0,1.3431471313476562,0,0,0.91728
2.2041720830020495,0,0,1.177947216796875,0,0,0.53508
2.207235617999686,0,0,1.1611878051757811,0,0,0.45864
2.2100945439888164,0,0,1.484405029296875,0,0,0.7644
2.212900878977962,0,0,1.70467158203125,0,0,0.68796
2.215694120997796,0,0,1.369483349609375,0,0,0.91728
2.218474844994489,0,0,1.1252747802734375,0,0,0.6115200000000001
2.2212823089794256,0,0,1.3311761230468748,0,0,0.84084
2.2244708979851566,0,0,1.4987702392578124,0,0,1.2230400000000001
2.2273010469798464,0,0,1.0941501586914062,0,0,0.53508
2.230096251994837,0,0,1.3311761230468748,0,0,0.91728
2.2329263830033597,0,0,1.5155296508789062,0,0,0.68796
2.2357195319782477,0,0,1.1755530151367186,0,0,0.84084
2.238720530993305,0,0,1.1133037719726562,0,0,1.07016
2.2415238469839096,0,0,1.5035586425781249,0,0,0.7644
2.2444220509787556,0,0,1.5945383056640625,0,0,0.68796
2.247009183978662,0,0,1.1324573852539062,0,0,0.53508
2.24958609600435,0,0,1.1109095703125,0,0,1.2230400000000001
2.252129859989509,0,0,1.467645617675781,0,0,0.84084
2.2546731979819015,0,0,1.68551796875,0,0,0.6115200000000001
2.2572191279905383,0,0,1.1013327636718748,0,0,0.84084
2.259762243978912,0,0,1.1156979736328125,0,0,0.99372
2.2623183779942337,0,0,1.3838485595703125,0,0,0.68796
2.2648486419930123,0,0,1.3862427612304686,0,0,0.53508
2.267469700978836,0,0,1.3646949462890625,0,0,0.7644
2.270140167005593,0,0,1.20667763671875,0,0,0.91728
2.2728022069786675,0,0,1.235408056640625,0,0,0.68796
2.275347155984491,0,0,1.5562310791015623,0,0,0.53508
2.2778886790038086,0,0,1.20667763671875,0,0,0.99372
2.2804239059914835,0,0,1.1635820068359375,0,0,1.2994800000000002
2.2829500589868985,0,0,1.3120225097656248,0,0,0.91728
2.2854974519868847,0,0,1.7022773803710936,0,0,0.6115200000000001
2.2880417899868917,0,0,1.2617442749023438,0,0,0.99372
2.2905834979901556,0,0,0.967257470703125,0,0,0.91728
2.293124835996423,0,0,1.484405029296875,0,0,0.6115200000000001
2.2956627669918817,0,0,1.6065093139648436,0,0,0.53508
2.298187493986916,0,0,1.2330138549804688,0,0,0.53508
2.3007327950035688,0,0,1.1228805786132812,0,0,0.84084
2.303275484999176,0,0,1.2856862915039062,0,0,0.91728
2.305813693004893,0,0,1.5442600708007812,0,0,0.68796
2.308355159999337,0,0,1.3192051147460937,0,0,1.07016
2.310895571979927,0,0,1.0606313354492187,0,0,0.68796
2.3134362809942104,0,0,1.2904746948242187,0,0,0.91728
2.3162312819913495,0,0,1.608903515625,0,0,0.53508
2.3187835830030963,0,0,1.2497732666015624,0,0,0.99372
2.3213253839930985,0,0,1.0127473022460938,0,0,0.6115200000000001
2.323868554987712,0,0,1.5538368774414062,0,0,0.45864
2.3264067079871893,0,0,1.6615759521484375,0,0,0.68796
2.328936249978142,0,0,1.2952630981445312,0,0,1.07016
2.331498957995791,0,0,1.1563994018554686,0,0,1.1465999999999998
2.3340423879853915,0,0,1.438915197753906,0,0,0.68796
2.3365843560022768,0,0,1.5251064575195312,0,0,0.68796
2.339147229999071,0,0,1.2713210815429687,0,0,0.7644
2.3416884939942975,0,0,1.218648645019531,0,0,0.6115200000000001
2.3443267380062025,0,0,1.5298948608398437,0,0,0.6115200000000001
2.3474147729866672,0,0,1.6400281372070311,0,0,1.07016
2.350514732999727,0,0,1.3718775512695311,0,0,0.91728
2.3536167120037135,0,0,1.0941501586914062,0,0,0.68796
2.356734820990823,0,0,1.7094599853515624,0,0,0.6115200000000001
2.35986900300486,0,0,1.2114660400390624,0,0,0.45864
2.3629839629866183,0,0,1.120486376953125,0,0,0.15288000000000002
2.3660980720014777,0,0,1.3814543579101561,0,0,1.45236
2.369217828003457,0,0,1.149216796875,0,0,0.7644
2.3723322139994707,0,0,1.0797849487304687,0,0,1.07016
2.3754467489779927,0,0,1.5035586425781249,0,0,0.7644
2.3785594499786384,0,0,1.7238251953125,0,0,1.37592
2.381675743003143,0,0,1.1659762084960936,0,0,0.84084
2.3847901659901254,0,0,1.3862427612304686,0,0,0.91728
2.3879064969951287,0,0,1.659181750488281,0,0,0.68796
2.3910182539839298,0,0,1.1252747802734375,0,0,0.6115200000000001
2.394163232005667,0,0,1.2114660400390624,0,0,20
2.397278099990217,0,0,1.235408056640625,0,0,0.91728
2.400393077987246,0,0,1.2665326782226562,0,0,0.99372
2.40350800199667,0,0,1.1563994018554686,0,0,0.84084
2.4066208509902935,0,0,1.3934253662109375,0,0,0.99372
2.409734569984721,0,0,1.235408056640625,0,0,0.91728
2.412850641994737,0,0,1.177947216796875,0,0,0.53508
2.4159671389788855,0,0,1.2904746948242187,0,0,0.84084
2.4190808029961772,0,0,1.6903063720703124,0,0,0.68796
2.422194132988807,0,0,1.1156979736328125,0,0,0.53508
2.4253084829833824,0,0,1.16837041015625,0,0,0.15288000000000002
2.428418794996105,0,0,1.5107412475585937,0,0,1.07016
2.431560625002021,0,0,1.3120225097656248,0,0,0.84084
2.43467884499114,0,0,1.1348515869140625,0,0,1.1465999999999998
2.43779530498432,0,0,1.5011644409179687,0,0,0.7644
2.440930930984905,0,0,1.180341418457031,0,0,0.68796
2.444081872992683,0,0,1.1156979736328125,0,0,0.6115200000000001
2.4472005739808083,0,0,1.4341267944335936,0,0,0.91728
2.4503166629874613,0,0,1.6304513305664061,0,0,1.2994800000000002
2.4534346789878327,0,0,1.1420341918945311,0,0,0.3822
2.4565512139815837,0,0,1.1563994018554686,0,0,0.99372
2.4596684519783594,0,0,1.6615759521484375,0,0,1.07016
2.462782744987635,0,0,1.3239935180664062,0,0,0.91728
2.4658996679936536,0,0,1.0438719238281249,0,0,0.22932
2.469022535980912,0,0,1.3910311645507811,0,0,0.84084
2.4721401069837157,0,0,1.2761094848632812,0,0,0.6115200000000001
2.475255326979095,0,0,1.3431471313476562,0,0,0.07644000000000001
2.478368935000617,0,0,1.458068811035156,0,0,0.7644
2.4814835249853786,0,0,1.8052280517578123,0,0,1.37592
2.48459835597896,0,0,1.0845733520507812,0,0,0.6115200000000001
2.487712370988447,0,0,1.35990654296875,0,0,0.99372
2.490825146989664,0,0,1.5634136840820312,0,0,0.30576000000000003
2.4939641619857866,0,0,1.3551181396484375,0,0,0.7644
2.4970782519958448,0,0,1.2018892333984375,0,0,0.3822
2.5001938789791893,0,0,1.4508862060546874,0,0,0.99372
2.5033339310029987,0,0,1.3431471313476562,0,0,0.84084
2.5064483549795114,0,0,1.1348515869140625,0,0,1.07016
2.5095641480002087,0,0,1.484405029296875,0,0,-9.24924
2.5126813679817133,0,0,1.24498486328125,0,0,0.99372
2.515797493979335,0,0,1.20667763671875,0,0,0.6115200000000001
2.51896254697931,0,0,1.2497732666015624,0,0,0.84084
2.522183394001331,0,0,1.3814543579101561,0,0,0.91728
2.5252990029985085,0,0,1.2808978881835937,0,0,0.53508
2.5284108329797164,0,0,1.177947216796875,0,0,0.53508
2.5315451819915324,0,0,1.5203180541992187,0,0,1.2230400000000001
2.534642623999389,0,0,1.2378022583007813,0,0,0.84084
2.5377647879940923,0,0,1.120486376953125,0,0,-9.09636
2.540915285004303,0,0,1.4963760375976562,0,0,0.91728
2.5440646520000882,0,0,1.2401964599609374,0,0,0.6115200000000001
2.5473726659838576,0,0,1.0941501586914062,0,0,0.84084
2.550524495978607,0,0,1.3934253662109375,0,0,0.53508
2.5536838439875282,0,0,1.2330138549804688,0,0,1.2230400000000001
2.556803544983268,0,0,1.1563994018554686,0,0,0.91728
2.559917634993326,0,0,1.2330138549804688,0,0,0.7644
2.5630671689868905,0,0,1.5179238525390624,0,0,0.7644
2.5662363510055,0,0,1.3551181396484375,0,0,0.15288000000000002
2.5693602369865403,0,0,1.1156979736328125,0,0,0.68796
2.5724788639927283,0,0,1.3910311645507811,0,0,1.2994800000000002
2.5755899169889744,0,0,1.3263877197265623,0,0,0.7644
2.578683950996492,0,0,1.005564697265625,0,0,0.99372
2.5818038559809793,0,0,1.4006079711914061,0,0,0.6115200000000001
2.5849219459923916,0,0,1.3239935180664062,0,0,0.6115200000000001
2.5880423869821243,0,0,1.1923124267578125,0,0,0.53508
2.5911895879835356,0,0,1.2521674682617188,0,0,0.91728
2.5942870849976316,0,0,1.6136919189453125,0,0,0.91728
2.5974041940062307,0,0,1.024718310546875,0,0,0.30576000000000003
2.600520301988581,0,0,1.2976572998046874,0,0,0.91728
2.603643059002934,0,0,1.3192051147460937,0,0,0.99372
2.6067571669991594,0,0,1.2234370483398436,0,0,0.68796
2.6098726269847248,0,0,1.1563994018554686,0,0,0.07644000000000001
2.6129870690056123,0,0,1.465251416015625,0,0,0.84084
2.61610391800059,0,0,1.2306196533203124,0,0,0.3822
2.619219488988165,0,0,1.0103531005859374,0,0,0.45864
2.6223343939927872,0,0,1.484405029296875,0,0,0.53508
2.6254807979858015,0,0,1.3024457031249999,0,0,1.37592
2.6285939810040873,0,0,1.0295067138671874,0,0,0.91728
2.6317499409778975,0,0,1.3958195678710936,0,0,0.53508
2.634867400978692,0,0,1.4796166259765624,0,0,0.45864
2.638007008994464,0,0,1.3527239379882812,0,0,0.53508
2.641123579989653,0,0,1.1420341918945311,0,0,0.3822
2.6443058360018767,0,0,1.4437036010742186,0,0,0.91728
2.6474227409926243,0,0,1.1731588134765625,0,0,0.91728
2.6505361080053262,0,0,1.0965443603515623,0,0,1.1465999999999998
2.6536521239904687,0,0,1.43652099609375,0,0,0.45864
2.6567684359906707,0,0,1.3359645263671873,0,0,0.84084
2.659885747998487,0,0,1.0606313354492187,0,0,0.45864
2.6629997080017347,0,0,1.3048399047851562,0,0,0.7644
2.6661146319820546,0,0,1.5442600708007812,0,0,0.7644
2.6692314989923034,0,0,1.2425906616210938,0,0,1.07016
2.6723472559824586,0,0,1.0941501586914062,0,0,0.6115200000000001
2.67546367898467,0,0,1.2928688964843749,0,0,1.07016
2.678576231992338,0,0,1.2952630981445312,0,0,1.07016
2.681691432982916,0,0,1.120486376953125,0,0,0.84084
2.684805614990182,0,0,1.5418658691406248,0,0,0.99372
2.6879222609859426,0,0,1.2856862915039062,0,0,0.53508
2.6910628500045277,0,0,1.1276689819335937,0,0,0.22932
2.6941788109834306,0,0,1.3239935180664062,0,0,0.91728
2.6972936779784504,0,0,1.5035586425781249,0,0,1.2994800000000002
2.700410046003526,0,0,1.01514150390625,0,0,0.6115200000000001
2.7035260800039396,0,0,1.3096283081054687,0,0,0.7644
2.7066387629893143,0,0,1.5155296508789062,0,0,0.7644
2.709753611998167,0,0,1.0749965454101562,0,0,0.91728
2.712868571979925,0,0,1.1851298217773436,0,0,0.07644000000000001
2.715985365997767,0,0,1.446097802734375,0,0,0.91728
2.719102454982931,0,0,1.2569558715820313,0,0,0.30576000000000003
2.722217286005616,0,0,1.1420341918945311,0,0,0.91728
2.7253330609819386,0,0,1.5179238525390624,0,0,0.6115200000000001
2.7284453180036508,0,0,1.2689268798828124,0,0,1.2994800000000002
2.731582795997383,0,0,1.0869675537109373,0,0,0.7644
2.734700607979903,0,0,1.3431471313476562,0,0,0.91728
2.7378355679975357,0,0,1.3838485595703125,0,0,0.68796
2.7409514729806688,0,0,1.3718775512695311,0,0,0.53508
2.74406678500236,0,0,1.0893617553710937,0,0,0.07644000000000001
2.7472699289792217,0,0,1.3263877197265623,0,0,0.91728
2.7503710750024766,0,0,1.199495031738281,0,0,1.1465999999999998
2.753470905998256,0,0,1.158793603515625,0,0,1.07016
2.7565944029774982,0,0,1.4987702392578124,0,0,0.84084
2.759706066979561,0,0,1.22583125,0,0,0.91728
2.762821267999243,0,0,1.2018892333984375,0,0,0.53508
2.765938060998451,0,0,1.446097802734375,0,0,0.99372
2.7691242989967577,0,0,1.6543933471679686,0,0,1.5288
2.7723818119848147,0,0,1.0319009155273438,0,0,0.84084
2.775504661985906,0,0,1.2593500732421874,0,0,0.99372
2.7786199919937644,0,0,1.24498486328125,0,0,0.45864
2.781722544983495,0,0,1.2808978881835937,0,0,0.91728
2.7848400789953303,0,0,1.0558429321289062,0,0,0.0
2.7879604839836247,0,0,1.4604630126953124,0,0,1.2230400000000001
2.791077054978814,0,0,1.2378022583007813,0,0,0.6115200000000001
2.7941932379908394,0,0,1.1923124267578125,0,0,1.1465999999999998
2.797297087003244,0,0,1.5083470458984374,0,0,0.99372
2.8004120099940337,0,0,1.4508862060546874,0,0,1.1465999999999998
2.8035295629815664,0,0,1.1468225952148436,0,0,0.68796
2.8066423749842215,0,0,1.3239935180664062,0,0,0.84084
2.8097578169836197,0,0,1.4437036010742186,0,0,0.7644
2.8128732399782166,0,0,1.120486376953125,0,0,0.22932
2.8159892369876616,0,0,1.2138602416992186,0,0,0.0
2.8191046419960912,0,0,1.218648645019531,0,0,2.36964
2.8222207129874732,0,0,1.2976572998046874,0,0,0.45864
2.825336451001931,0,0,1.1923124267578125,0,0,1.2230400000000001
2.8284646889951546,0,0,1.4221557861328125,0,0,0.3822
2.8316125010023825,0,0,1.2737152832031249,0,0,0.7644
2.834781978977844,0,0,1.3623007446289062,0,0,0.22932
2.837901642982615,0,0,1.4221557861328125,0,0,0.99372
2.841007751005236,0,0,1.484405029296875,0,0,1.07016
2.8441196009807754,0,0,1.1156979736328125,0,0,0.6115200000000001
2.8472957449848764,0,0,1.3383587280273437,0,0,0.84084
2.8504263539798558,0,0,1.3120225097656248,0,0,0.53508
2.8535446469904855,0,0,1.189918225097656,0,0,0.7644
2.8566501069872174,0,0,1.120486376953125,0,0,-9.555
2.8597708639863413,0,0,1.4173673828125,0,0,0.7644
2.8628874909773003,0,0,1.0941501586914062,0,0,0.84084
2.866002655006014,0,0,1.13006318359375,0,0,0.3822
2.8691173929837532,0,0,1.4221557861328125,0,0,0.84084
2.8722351859905757,0,0,1.3000515014648437,0,0,1.1465999999999998
2.8753523319901433,0,0,1.0726023437499999,0,0,0.91728
2.8784663660044316,0,0,1.2569558715820313,0,0,0.91728
2.881834915984655,0,0,1.465251416015625,0,0,0.45864
2.8852044839877635,0,0,1.158793603515625,0,0,0.91728
2.8883721839811187,0,0,1.3096283081054687,0,0,0.91728
2.891481680999277,0,0,1.1156979736328125,0,0,0.68796
2.8945800679794047,0,0,1.3311761230468748,0,0,1.07016
2.897703175985953,0,0,1.0414777221679687,0,0,0.07644000000000001
2.9008191549801268,0,0,1.4125789794921875,0,0,2.2167600000000003
2.90396755898837,0,0,1.2282254516601563,0,0,0.45864
2.9070866859983653,0,0,1.0965443603515623,0,0,0.3822
2.91020544199273,0,0,1.4101847778320311,0,0,1.07016
2.9133234769979026,0,0,1.3072341064453123,0,0,0.99372
2.916440843982855,0,0,1.20667763671875,0,0,0.7644
2.9195596929930616,0,0,1.3838485595703125,0,0,0.84084
2.9226737459830474,0,0,1.4006079711914061,0,0,0.45864
2.925791280984413,0,0,1.2737152832031249,0,0,0.6115200000000001
2.928907147987047,0,0,1.2473790649414063,0,0,0.0
2.9320230159792118,0,0,1.3000515014648437,0,0,1.07016
2.9352354379952885,0,0,1.216254443359375,0,0,0.99372
2.9383551939972676,0,0,1.2617442749023438,0,0,1.07016
2.9415642639796715,0,0,1.5370774658203123,0,0,0.53508
2.9446868909872137,0,0,1.3527239379882812,0,0,0.68796
2.9478841469972394,0,0,1.1755530151367186,0,0,0.6115200000000001
2.951000569999451,0,0,1.448492004394531,0,0,0.84084
2.954121992981527,0,0,1.4173673828125,0,0,0.99372
2.9572407309897244,0,0,0.9816226806640624,0,0,0.30576000000000003
2.9603575989895035,0,0,1.4867992309570313,0,0,0.6115200000000001
2.9634795029996894,0,0,1.2808978881835937,0,0,0.53508
2.966594186000293,0,0,1.0893617553710937,0,0,-8.943480000000001
2.9697149790008552,0,0,1.218648645019531,0,0,0.07644000000000001
2.9728324390016496,0,0,1.4173673828125,0,0,0.99372
2.9759490479773376,0,0,1.1324573852539062,0,0,0.6115200000000001
2.9790676559787244,0,0,1.216254443359375,0,0,1.1465999999999998
2.982184097985737,0,0,1.465251416015625,0,0,0.84084
2.9853016510023735,0,0,1.4413093994140624,0,0,0.84084
2.988416869979119,0,0,1.1468225952148436,0,0,0.7644
2.9915958299825434,0,0,1.2952630981445312,0,0,0.91728
2.9947348079876974,0,0,1.2952630981445312,0,0,0.6115200000000001
2.997853009001119,0,0,1.1420341918945311,0,0,0.45864
3.000970099004917,0,0,1.350329736328125,0,0,0.30576000000000003
3.0040886329952627,0,0,1.3383587280273437,0,0,0.99372
3.0072051669994835,0,0,1.177947216796875,0,0,0.91728
3.0103209239896387,0,0,1.0989385620117187,0,0,1.07016
3.01344236600562,0,0,1.5682020874023437,0,0,0.68796
3.016624954994768,0,0,1.429338391113281,0,0,0.45864
3.021560965979006,0,0,1.2473790649414063,0,0,0.6115200000000001
3.0248286459827796,0,0,1.3958195678710936,0,0,0.68796
3.027956495003309,0,0,1.0845733520507812,0,0,0.84084
3.0310835849959403,0,0,1.1109095703125,0,0,0.6115200000000001
3.0342134149977937,0,0,1.429338391113281,0,0,0.68796
3.037337635003496,0,0,1.139639990234375,0,0,0.68796
3.0404598909954075,0,0,1.1013327636718748,0,0,0.68796
3.043581165984506,0,0,1.2569558715820313,0,0,0.99372
3.0467341439798474,0,0,1.5346832641601562,0,0,0.99372
3.049840994004626,0,0,0.9433154541015625,0,0,0.84084
3.0529601209855173,0,0,1.4053963745117186,0,0,1.1465999999999998
3.0560802099935245,0,0,1.5873557006835937,0,0,0.53508
3.0591997820010874,0,0,1.1923124267578125,0,0,0.53508
3.0623410749831237,0,0,1.1516109985351561,0,0,0.45864
3.065462127997307,0,0,1.3263877197265623,0,0,1.07016
3.0686016799882054,0,0,1.209071838378906,0,0,0.91728
3.071729899995262,0,0,1.180341418457031,0,0,0.91728
3.074823342001764,0,0,1.4317325927734375,0,0,0.53508
3.077957041998161,0,0,1.3575123413085937,0,0,1.07016
3.0810796139994636,0,0,1.2018892333984375,0,0,0.68796
3.084199795994209,0,0,1.4820108276367188,0,0,0.6115200000000001
3.087312755989842,0,0,1.465251416015625,0,0,0.7644
3.0904095319856424,0,0,1.1037269653320312,0,0,0.45864
3.0935314179805573,0,0,1.3646949462890625,0,0,0.6115200000000001
3.0966503219970036,0,0,1.3215993164062498,0,0,0.91728
3.0997691529919393,0,0,1.2808978881835937,0,0,0.84084
3.1028848349815235,0,0,1.197100830078125,0,0,1.2230400000000001
3.1059867400035728,0,0,1.4628572143554686,0,0,0.45864
3.109103866998339,0,0,1.1061211669921875,0,0,0.91728
3.1122237899980973,0,0,1.120486376953125,0,0,-9.555
3.1153538979997393,0,0,1.4437036010742186,0,0,0.84084
3.1184675809927285,0,0,1.6160861206054686,0,0,1.07016
3.1215825229883194,0,0,1.0726023437499999,0,0,0.6115200000000001
3.1246975940011907,0,0,1.5107412475585937,0,0,0.91728
3.1278137209883425,0,0,1.6400281372070311,0,0,0.6115200000000001
3.1309272179787513,0,0,1.1468225952148436,0,0,0.68796
3.1340726779890247,0,0,1.218648645019531,0,0,0.0
3.1372251749853604,0,0,1.3431471313476562,0,0,1.07016
3.1403409680060577,0,0,1.197100830078125,0,0,0.91728
3.143462317006197,0,0,1.3718775512695311,0,0,1.2994800000000002
3.1465760369901545,0,0,1.5275006591796874,0,0,0.53508
3.149746718991082,0,0,1.2282254516601563,0,0,0.99372
3.1528623460035305,0,0,1.2018892333984375,0,0,0.68796
3.155977991002146,0,0,1.3120225097656248,0,0,0.91728
3.1590996549930423,0,0,1.5538368774414062,0,0,0.68796
3.162216577999061,0,0,1.3670891479492187,0,0,0.6115200000000001
3.1653306119842455,0,0,1.3551181396484375,0,0,0.30576000000000003
3.168445442977827,0,0,1.3431471313476562,0,0,0.0
3.1715594959969167,0,0,1.2210428466796874,0,0,0.84084
3.174673437984893,0,0,1.1085153686523437,0,0,0.7644
3.1778425819939002,0,0,1.4221557861328125,0,0,1.07016
3.18117378099123,0,0,1.2641384765625,0,0,0.53508
3.184390442998847,0,0,1.1635820068359375,0,0,0.84084
3.1875800319830887,0,0,1.5586252807617187,0,0,0.84084
3.1907048629946075,0,0,1.350329736328125,0,0,-8.7906
3.1938282669871114,0,0,1.139639990234375,0,0,0.53508
3.196935190993827,0,0,1.3335703247070312,0,0,0.6115200000000001
3.200052316999063,0,0,1.426944189453125,0,0,0.6115200000000001
3.203197980998084,0,0,1.2713210815429687,0,0,0.30576000000000003
3.2063188859901857,0,0,1.3192051147460937,0,0,0.3822
3.209438974998193,0,0,1.407790576171875,0,0,1.07016
3.2125440840027295,0,0,1.2928688964843749,0,0,1.45236
3.215675896004541,0,0,1.1540052001953125,0,0,0.99372
3.2187932259985246,0,0,1.2473790649414063,0,0,0.45864
3.22191057598684,0,0,1.2114660400390624,0,0,0.84084
3.225016053998843,0,0,1.2521674682617188,0,0,0.3822
3.2281281809846405,0,0,1.3910311645507811,0,0,2.4460800000000003
3.2312785669928417,0,0,1.5538368774414062,0,0,0.6115200000000001
3.2344470449897926,0,0,1.369483349609375,0,0,0.45864
3.2375691159977578,0,0,1.3407529296874998,0,0,0.91728
3.2406890399870463,0,0,1.5298948608398437,0,0,0.53508
3.243800333002582,0,0,1.1156979736328125,0,0,0.7644
3.246899644989753,0,0,1.1013327636718748,0,0,0.45864
3.2500423830060754,0,0,1.254561669921875,0,0,1.07016
3.253162009990774,0,0,1.2114660400390624,0,0,0.53508
3.2563347659888677,0,0,1.3335703247070312,0,0,0.91728
3.259474243997829,0,0,1.5849614990234373,0,0,0.99372
3.2625715199974366,0,0,1.3239935180664062,0,0,0.91728
3.2656906089978293,0,0,1.1348515869140625,0,0,0.84084
3.2688035699829925,0,0,1.5011644409179687,0,0,0.91728
3.2735673610004596,0,0,1.0845733520507812,0,0,0.3822
3.2767385419865604,0,0,1.2569558715820313,0,0,0.30576000000000003
3.279861909977626,0,0,1.4125789794921875,0,0,0.84084
3.2830825359851588,0,0,1.5442600708007812,0,0,1.2994800000000002
3.286205885000527,0,0,1.0342951171875,0,0,0.91728
3.289324751996901,0,0,1.2473790649414063,0,0,0.7644
3.292442193982424,0,0,1.7094599853515624,0,0,0.53508
3.2955638019775506,0,0,0.9624690673828125,0,0,0.53508
3.2986766139802057,0,0,1.1085153686523437,0,0,0.22932
3.301793092978187,0,0,1.2785036865234374,0,0,0.7644
3.30490942398319,0,0,1.1635820068359375,0,0,-8.943480000000001
3.308027883991599,0,0,1.3479355346679687,0,0,0.91728
3.3111459919891786,0,0,1.618480322265625,0,0,0.68796
3.3142628599889576,0,0,1.2473790649414063,0,0,0.68796
3.317378876003204,0,0,1.2761094848632812,0,0,0.22932
3.3204952249943744,0,0,1.5921441040039062,0,0,0.68796
3.323609499988379,0,0,1.608903515625,0,0,0.91728
3.32672597898636,0,0,1.0295067138671874,0,0,0.6115200000000001
3.329846031003399,0,0,1.3407529296874998,0,0,0.68796
3.332984287990257,0,0,1.3239935180664062,0,0,0.91728
3.336103395995451,0,0,1.1252747802734375,0,0,0.91728
3.339219540997874,0,0,1.1061211669921875,0,0,0.3822
3.34233542799484,0,0,1.3096283081054687,0,0,1.2994800000000002
3.3454502949898597,0,0,1.120486376953125,0,0,0.3822
3.348580755002331,0,0,1.3670891479492187,0,0,0.7644
3.351699530001497,0,0,1.426944189453125,0,0,0.7644
3.3548134909942746,0,0,1.4173673828125,0,0,1.1465999999999998
3.357932154001901,0,0,1.2210428466796874,0,0,0.7644
3.3610492440056987,0,0,1.2689268798828124,0,0,0.84084
3.3641761299804784,0,0,1.3407529296874998,0,0,0.7644
3.367340645985678,0,0,1.1180921752929687,0,0,0.30576000000000003
3.370466791006038,0,0,1.2425906616210938,0,0,0.0
3.3735826579795685,0,0,1.2856862915039062,0,0,1.07016
3.376698599982774,0,0,1.1731588134765625,0,0,1.07016
3.379815559979761,0,0,1.2114660400390624,0,0,1.07016
3.382929001993034,0,0,1.4604630126953124,0,0,0.7644
3.3860450369829778,0,0,1.4030021728515625,0,0,1.1465999999999998
3.389160181977786,0,0,1.199495031738281,0,0,0.6115200000000001
3.3922753089864273,0,0,1.5538368774414062,0,0,0.84084
3.395391917001689,0,0,1.4772224243164063,0,0,0.7644
3.398504062992288,0,0,1.20667763671875,0,0,0.68796
3.4016189859830774,0,0,1.2665326782226562,0,0,0.53508
3.4047333909838926,0,0,1.2306196533203124,0,0,0.99372
3.407848628994543,0,0,1.149216796875,0,0,0.53508
3.4109604219847824,0,0,1.139639990234375,0,0,0.7644
3.4141045669966843,0,0,1.6208745239257811,0,0,0.99372
3.417224915989209,0,0,1.1133037719726562,0,0,0.68796
3.4203406359883957,0,0,1.3623007446289062,0,0,0.6115200000000001
3.4234559109900147,0,0,1.4915876342773438,0,0,0.84084
3.4265694819914643,0,0,1.4245499877929686,0,0,1.2230400000000001
3.4296991089941002,0,0,1.0606313354492187,0,0,0.91728
3.4328151249792427,0,0,1.3192051147460937,0,0,1.1465999999999998
3.4359320669900626,0,0,1.429338391113281,0,0,0.68796
3.4390741559909657,0,0,1.1061211669921875,0,0,0.30576000000000003
3.4426397219940554,0,0,1.235408056640625,0,0,0.99372
3.445762218994787,0,0,1.2617442749023438,0,0,0.6115200000000001
3.44917369398172,0,0,1.2378022583007813,0,0,0.6115200000000001
3.4523000989865977,0,0,1.0941501586914062,0,0,0.15288000000000002
3.4554201329883654,0,0,1.3718775512695311,0,0,1.07016
3.458536036981968,0,0,1.01514150390625,0,0,0.91728
3.4616527569887694,0,0,1.1707646118164061,0,0,0.7644
3.464770457998384,0,0,1.5370774658203123,0,0,0.53508
3.467888048005989,0,0,1.4796166259765624,0,0,0.6115200000000001
3.4710022670042235,0,0,1.0845733520507812,0,0,0.91728
3.474120597995352,0,0,1.2473790649414063,0,0,0.91728
3.477221113978885,0,0,1.4796166259765624,0,0,0.84084
3.4803342039813288,0,0,1.2018892333984375,0,0,0.68796
3.483450553001603,0,0,1.2497732666015624,0,0,0.53508
3.486563012993429,0,0,1.2593500732421874,0,0,0.99372
3.4896767509926576,0,0,1.1563994018554686,0,0,0.7644
3.4927909889956936,0,0,1.2785036865234374,0,0,1.07016
3.495907486998476,0,0,1.388636962890625,0,0,0.99372
3.4990189649979584,0,0,1.4987702392578124,0,0,0.53508
3.502164684003219,0,0,1.1827356201171875,0,0,0.3822
3.505278847995214,0,0,1.4125789794921875,0,0,0.7644
3.508394511998631,0,0,1.6208745239257811,0,0,1.1465999999999998
3.5115106019948144,0,0,1.0749965454101562,0,0,0.45864
3.5146223960036878,0,0,1.3215993164062498,0,0,0.91728
3.5177365409908816,0,0,1.2569558715820313,0,0,0.99372
3.5208588719833642,0,0,1.0893617553710937,0,0,0.6115200000000001
3.524510417977581,0,0,1.3311761230468748,0,0,0.07644000000000001
3.527638878003927,0,0,1.3311761230468748,0,0,0.99372
3.5307787820056546,0,0,1.2234370483398436,0,0,0.7644
3.5339217050059233,0,0,1.1851298217773436,0,0,0.84084
3.537169144983636,0,0,1.407790576171875,0,0,0.53508
3.5403101980045903,0,0,1.0654197387695312,0,0,0.68796
3.5434248989913613,0,0,1.149216796875,0,0,0.45864
3.546980835002614,0,0,1.4173673828125,0,0,0.7644
3.5501726089860313,0,0,1.3263877197265623,0,0,1.07016
3.553341235005064,0,0,1.3359645263671873,0,0,0.6115200000000001
3.556447159004165,0,0,1.4245499877929686,0,0,0.6115200000000001
3.5595469519903418,0,0,1.6136919189453125,0,0,0.68796
3.562643486977322,0,0,1.2282254516601563,0,0,0.15288000000000002
3.5657436509791296,0,0,1.216254443359375,0,0,0.30576000000000003
3.568842777982354,0,0,1.2401964599609374,0,0,0.91728
3.5719538499834016,0,0,1.1420341918945311,0,0,0.84084
3.57507868000539,0,0,1.2952630981445312,0,0,-8.63772
3.5781993249838706,0,0,1.458068811035156,0,0,0.91728
3.5813155449868646,0,0,1.218648645019531,0,0,0.68796
3.5844310609973036,0,0,1.1923124267578125,0,0,0.45864
3.5875457799993455,0,0,1.5011644409179687,0,0,0.84084
3.5906607960059773,0,0,1.6232687255859375,0,0,1.07016
3.593777164001949,0,0,1.3479355346679687,0,0,0.91728
3.5968928649963345,0,0,1.2952630981445312,0,0,0.84084
3.600009621004574,0,0,1.5921441040039062,0,0,0.6115200000000001
3.6031230810040142,0,0,1.1659762084960936,0,0,0.45864
3.606237115978729,0,0,1.189918225097656,0,0,0.07644000000000001
3.609351927996613,0,0,1.407790576171875,0,0,0.99372
3.612466869992204,0,0,1.0773907470703123,0,0,0.68796
3.615583329985384,0,0,1.1707646118164061,0,0,1.07016
3.618696549005108,0,0,1.484405029296875,0,0,0.7644
3.621814675978385,0,0,1.5011644409179687,0,0,0.91728
3.6249292849970516,0,0,1.0678139404296874,0,0,0.84084
3.628068207995966,0,0,1.4101847778320311,0,0,0.91728
3.6313891469908413,0,0,1.6232687255859375,0,0,0.7644
3.6345132919959724,0,0,1.189918225097656,0,0,0.53508
3.63763014099095,0,0,1.2904746948242187,0,0,0.7644
3.640745712997159,0,0,1.467645617675781,0,0,0.84084
3.643862172990339,0,0,1.1611878051757811,0,0,0.6115200000000001
3.64697570700082,0,0,1.1707646118164061,0,0,0.53508
3.6501248339773156,0,0,1.4053963745117186,0,0,0.45864
3.6532416270056274,0,0,1.2521674682617188,0,0,0.6115200000000001
3.6563558469933923,0,0,1.0726023437499999,0,0,0.30576000000000003
3.6594716219988186,0,0,1.5298948608398437,0,0,0.91728
3.662585562997265,0,0,1.4532804077148436,0,0,0.84084
3.665702541999053,0,0,1.1348515869140625,0,0,0.6115200000000001
3.6688458909920882,0,0,1.2306196533203124,0,0,0.68796
3.671963628992671,0,0,1.458068811035156,0,0,0.91728
3.6750766820041463,0,0,1.1085153686523437,0,0,0.45864
3.678215697000269,0,0,1.1635820068359375,0,0,0.15288000000000002
3.681332638981985,0,0,1.3168109130859373,0,0,0.84084
3.6844484329922125,0,0,1.1923124267578125,0,0,0.84084
3.6875642449886072,0,0,1.158793603515625,0,0,0.6115200000000001
3.6906760199926794,0,0,1.4915876342773438,0,0,1.07016
3.6937906469975132,0,0,1.5179238525390624,0,0,0.91728
3.6969064959848765,0,0,1.1444283935546875,0,0,0.45864
3.700022364006145,0,0,1.5538368774414062,0,0,0.53508
3.7031372869969346,0,0,1.5346832641601562,0,0,0.84084
3.70625452499371,0,0,1.1133037719726562,0,0,0.3822
3.709371559001738,0,0,1.235408056640625,0,0,0.3822
3.7124866119993385,0,0,1.446097802734375,0,0,0.84084
3.7156030539772473,0,0,0.9983820922851562,0,0,0.45864
3.718717031995766,0,0,1.3335703247070312,0,0,0.84084
3.721832715003984,0,0,1.3718775512695311,0,0,0.7644
3.7249469529779162,0,0,1.1659762084960936,0,0,0.53508
3.728079616994364,0,0,1.3766659545898436,0,0,-9.40212
3.7313333159836475,0,0,1.3120225097656248,0,0,0.99372
3.734453832003055,0,0,1.4173673828125,0,0,0.84084
3.737570198980393,0,0,1.0917559570312498,0,0,0.6115200000000001
3.740685640979791,0,0,1.3407529296874998,0,0,0.84084
3.7437993609928526,0,0,1.419761584472656,0,0,0.84084
3.7472160759789404,0,0,1.0773907470703123,0,0,0.45864
3.7506233479944058,0,0,1.0869675537109373,0,0,0.30576000000000003
3.753723956004251,0,0,1.4891934326171874,0,0,0.84084
3.756824879994383,0,0,1.1109095703125,0,0,0.84084
3.7599267289915588,0,0,1.1085153686523437,0,0,1.5288
3.763022392988205,0,0,1.4437036010742186,0,0,1.1465999999999998
3.7661435570043977,0,0,1.3359645263671873,0,0,0.68796
3.769265462004114,0,0,1.2114660400390624,0,0,0.3822
3.772389588004444,0,0,1.4628572143554686,0,0,0.99372
3.775607213989133,0,0,1.3575123413085937,0,0,0.7644
3.7787318780028727,0,0,1.1659762084960936,0,0,0.68796
3.781846133992076,0,0,1.3000515014648437,0,0,1.2230400000000001
3.784962371981237,0,0,1.4915876342773438,0,0,0.68796
3.788078276993474,0,0,1.3575123413085937,0,0,0.6115200000000001
3.7911931819980964,0,0,1.3527239379882812,0,0,0.68796
3.794308178999927,0,0,1.4006079711914061,0,0,0.91728
3.797423620999325,0,0,1.3407529296874998,0,0,0.68796
3.800537211005576,0,0,1.0941501586914062,0,0,0.22932
3.80365289299516,0,0,1.388636962890625,0,0,0.91728
3.806765279005049,0,0,1.3646949462890625,0,0,0.84084
3.8099170349887572,0,0,1.1731588134765625,0,0,1.07016
3.813034272985533,0,0,1.4796166259765624,0,0,0.6115200000000001
3.816149862977909,0,0,1.465251416015625,0,0,0.68796
3.819266100996174,0,0,1.2569558715820313,0,0,0.45864
3.822381375997793,0,0,1.1516109985351561,0,0,0.53508
3.8255186140013393,0,0,1.5203180541992187,0,0,0.99372
3.8286442589887884,0,0,1.2114660400390624,0,0,0.99372
3.831792682001833,0,0,1.1420341918945311,0,0,1.1465999999999998
3.834910734993173,0,0,1.4053963745117186,0,0,0.68796
3.8380255659867544,0,0,1.3192051147460937,0,0,0.7644
3.841140414995607,0,0,1.2138602416992186,0,0,0.45864
3.84432702200138,0,0,1.24498486328125,0,0,0.84084
3.847442759986734,0,0,1.448492004394531,0,0,0.68796
3.8505883869947866,0,0,1.3000515014648437,0,0,0.7644
3.8537038099893834,0,0,1.2737152832031249,0,0,0.84084
3.8568194739928003,0,0,1.2378022583007813,0,0,0.99372
3.8599353049939964,0,0,1.1563994018554686,0,0,0.91728
3.8630728389834985,0,0,1.3120225097656248,0,0,0.68796
3.866188002983108,0,0,1.438915197753906,0,0,0.91728
3.8693019439815544,0,0,1.2880804931640624,0,0,0.68796
3.872416294005234,0,0,1.13006318359375,0,0,0.3822
3.8755323280056473,0,0,1.467645617675781,0,0,0.91728
3.8786450659972616,0,0,1.3335703247070312,0,0,1.1465999999999998
3.881957820005482,0,0,1.0965443603515623,0,0,0.6115200000000001
3.885076909995405,0,0,1.3239935180664062,0,0,0.84084
3.888182758993935,0,0,1.3670891479492187,0,0,0.30576000000000003
3.891367217991501,0,0,1.120486376953125,0,0,0.45864
3.8944679199776147,0,0,1.1827356201171875,0,0,0.22932
3.8975694729888346,0,0,1.2880804931640624,0,0,1.1465999999999998
3.9006836180051323,0,0,1.199495031738281,0,0,0.7644
3.9038243560062256,0,0,1.3024457031249999,0,0,1.5288
3.9069434639823157,0,0,1.426944189453125,0,0,0.68796
3.9100468499818817,0,0,1.2330138549804688,0,0,0.91728
3.913163236982655,0,0,1.1707646118164061,0,0,0.7644
3.916278381977463,0,0,1.4532804077148436,0,0,0.6115200000000001
3.9193950459884945,0,0,1.5298948608398437,0,0,0.6115200000000001
3.922508746996755,0,0,1.2928688964843749,0,0,0.45864
3.9256547809927724,0,0,1.3072341064453123,0,0,0.3822
3.928771056002006,0,0,1.22583125,0,0,0.7644
3.9318874609889463,0,0,1.1707646118164061,0,0,0.68796
3.935001217003446,0,0,1.1827356201171875,0,0,1.2230400000000001
3.938114880991634,0,0,1.419761584472656,0,0,0.7644
3.94124556297902,0,0,1.4820108276367188,0,0,0.7644
3.944361931004096,0,0,1.216254443359375,0,0,0.45864
3.9474851499835495,0,0,1.2856862915039062,0,0,0.99372
3.950646183977369,0,0,1.3934253662109375,0,0,0.91728
3.953765255981125,0,0,1.0007762939453124,0,0,0.84084
3.956880882004043,0,0,1.254561669921875,0,0,0.99372
3.9599968800030183,0,0,1.2832920898437499,0,0,0.91728
3.963112209981773,0,0,1.1420341918945311,0,0,1.07016
3.9662289299885742,0,0,1.189918225097656,0,0,0.3822
3.9693580939783715,0,0,1.419761584472656,0,0,0.91728
3.972471201996086,0,0,1.1659762084960936,0,0,0.68796
3.9755853659880813,0,0,1.2306196533203124,0,0,0.53508
3.9787589740008116,0,0,1.668758557128906,0,0,0.91728
3.9818792860023677,0,0,1.6041151123046875,0,0,1.07016
3.984995282982709,0,0,1.1348515869140625,0,0,0.91728
3.9881112620059866,0,0,1.2976572998046874,0,0,1.1465999999999998
3.991225926001789,0,0,1.2306196533203124,0,0,0.6115200000000001
3.9943405340018217,0,0,1.139639990234375,0,0,0.30576000000000003
3.997455586999422,0,0,1.3263877197265623,0,0,0.07644000000000001
4.0005693809944205,0,0,1.2665326782226562,0,0,0.91728
4.003685062984005,0,0,1.1827356201171875,0,0,0.7644
4.006796837988077,0,0,1.1516109985351561,0,0,1.07016
4.0099110580049455,0,0,1.4724340209960938,0,0,0.6115200000000001
4.013025758991716,0,0,1.429338391113281,0,0,1.5288
4.01614160797908,0,0,0.9864110839843749,0,0,0.91728
4.019256289990153,0,0,1.3455413330078123,0,0,0.91728
4.022941076982534,0,0,1.5729904907226562,0,0,1.07016
4.026211978984065,0,0,1.1827356201171875,0,0,0.84084
4.029527954990044,0,0,1.5083470458984374,0,0,0.6115200000000001
4.0327506919857115,0,0,1.6136919189453125,0,0,0.7644
4.035871892992873,0,0,1.2641384765625,0,0,0.3822
4.038985038991086,0,0,1.2330138549804688,0,0,0.22932
4.042100535996724,0,0,1.4532804077148436,0,0,0.91728
4.0452160889981315,0,0,1.1444283935546875,0,0,0.68796
4.0483300859923474,0,0,1.2521674682617188,0,0,1.07016
4.051496953004971,0,0,1.2880804931640624,0,0,0.45864
4.0546075429883786,0,0,1.199495031738281,0,0,0.68796
4.057721947989194,0,0,1.1611878051757811,0,0,0.45864
4.0608372039860114,0,0,1.4772224243164063,0,0,0.91728
4.063953978999052,0,0,1.6017209106445311,0,0,0.53508
4.067069938988425,0,0,1.1827356201171875,0,0,0.53508
4.0701835849904455,0,0,1.216254443359375,0,0,2.36964
4.073334136977792,0,0,1.4030021728515625,0,0,0.91728
4.076449468004284,0,0,1.158793603515625,0,0,0.68796
4.079563206003513,0,0,1.0893617553710937,0,0,-0.15288000000000002
4.082720128993969,0,0,1.3144167114257812,0,0,0.99372
4.085841310996329,0,0,1.0773907470703123,0,0,0.53508
4.088969196978724,0,0,1.1276689819335937,0,0,0.07644000000000001
4.09208491697791,0,0,1.4867992309570313,0,0,0.91728
4.095200765994377,0,0,1.5849614990234373,0,0,0.84084
4.0983142819895875,0,0,1.1420341918945311,0,0,0.91728
4.101428667985601,0,0,1.4963760375976562,0,0,0.7644
4.104542849992868,0,0,1.4030021728515625,0,0,0.6115200000000001
4.107747012982145,0,0,1.3048399047851562,0,0,0.45864
4.110857806983404,0,0,1.1468225952148436,0,0,-0.22932
4.1139749709982425,0,0,1.2425906616210938,0,0,0.68796
4.117095152992988,0,0,1.177947216796875,0,0,0.6115200000000001
4.12021005799761,0,0,1.2808978881835937,0,0,1.1465999999999998
4.12335729500046,0,0,1.4173673828125,0,0,0.7644
4.126471292984206,0,0,1.1372457885742187,0,0,1.07016
4.129581307992339,0,0,1.16837041015625,0,0,0.6115200000000001
4.132709712983342,0,0,1.2665326782226562,0,0,0.84084
4.138642934005475,0,0,1.1731588134765625,0,0,0.45864
4.141761263977969,0,0,1.1563994018554686,0,0,0.30576000000000003
4.144871686992701,0,0,1.2330138549804688,0,0,1.1465999999999998
4.148131923982874,0,0,1.197100830078125,0,0,0.84084
4.151532010000665,0,0,1.1061211669921875,0,0,0.91728
4.1544796569796745,0,0,1.467645617675781,0,0,0.99372
4.157264417997794,0,0,1.16837041015625,0,0,1.1465999999999998
4.16004610498203,0,0,1.1923124267578125,0,0,0.53508
4.1628266439947765,0,0,1.3048399047851562,0,0,0.0
4.1656098300009035,0,0,1.2497732666015624,0,0,0.91728
4.168406757991761,0,0,0.9217676391601562,0,0,0.7644
4.171204685000703,0,0,1.3120225097656248,0,0,0.53508
4.17399972298881,0,0,1.3239935180664062,0,0,0.7644
4.176794983999571,0,0,1.35990654296875,0,0,0.6115200000000001
4.17967989097815,0,0,1.216254443359375,0,0,0.6115200000000001
4.182643186999485,0,0,1.1372457885742187,0,0,0.84084
4.185518354002852,0,0,1.5346832641601562,0,0,0.84084
4.188395150995348,0,0,1.3048399047851562,0,0,1.1465999999999998
4.19120174398995,0,0,1.2617442749023438,0,0,0.68796
4.193998967995867,0,0,1.2401964599609374,0,0,0.53508
4.196795302996179,0,0,1.235408056640625,0,0,1.2994800000000002
4.199592803983251,0,0,1.0821791503906248,0,0,0.7644
4.202416508982424,0,0,1.199495031738281,0,0,0.22932
4.205227287980961,0,0,1.5155296508789062,0,0,0.6115200000000001
4.208029621979222,0,0,1.35990654296875,0,0,0.6115200000000001
4.21082392000244,0,0,1.0917559570312498,0,0,0.68796
4.21361992097809,0,0,1.350329736328125,0,0,1.07016
4.216433310997672,0,0,1.4700398193359374,0,0,0.84084
4.219234089978272,0,0,1.1563994018554686,0,0,1.1465999999999998
4.222031369979959,0,0,1.0390835205078124,0,0,0.7644
4.224827425990952,0,0,1.3168109130859373,0,0,0.45864
4.227623408980435,0,0,1.0726023437499999,0,0,0.91728
4.230412873992464,0,0,1.2138602416992186,0,0,0.7644
4.233237337990431,0,0,1.1156979736328125,0,0,0.45864
4.236035894980887,0,0,1.3263877197265623,0,0,0.7644
4.2388315809948836,0,0,1.5298948608398437,0,0,0.68796
4.241627730982145,0,0,1.189918225097656,0,0,0.68796
4.2444324730022345,0,0,1.3024457031249999,0,0,1.2230400000000001
4.247232103982242,0,0,1.4341267944335936,0,0,0.91728
4.250029252987588,0,0,1.6041151123046875,0,0,0.99372
4.252920161001384,0,0,1.218648645019531,0,0,0.84084
4.255991769983666,0,0,1.2593500732421874,0,0,0.7644
4.259105378005188,0,0,1.3646949462890625,0,0,0.53508
4.2622191720001865,0,0,1.1109095703125,0,0,0.3822
4.265332520997617,0,0,1.3479355346679687,0,0,0.30576000000000003
4.268468277005013,0,0,1.2761094848632812,0,0,1.2994800000000002
4.271594995982014,0,0,1.1420341918945311,0,0,0.84084
4.274753863981459,0,0,1.3431471313476562,0,0,1.1465999999999998
4.277932081982726,0,0,1.4987702392578124,0,0,0.68796
4.281049634999363,0,0,1.66636435546875,0,0,0.7644
4.284164094977314,0,0,1.2904746948242187,0,0,0.7644
4.287317351001548,0,0,1.4724340209960938,0,0,0.84084
4.290432812005747,0,0,1.5849614990234373,0,0,0.91728
4.293546845990932,0,0,1.1444283935546875,0,0,0.53508
4.296660305990372,0,0,1.0917559570312498,0,0,0.84084
4.299775414983742,0,0,1.22583125,0,0,0.99372
4.302891170984367,0,0,1.158793603515625,0,0,1.07016
4.306005945982179,0,0,1.35990654296875,0,0,0.91728
4.3091194439912215,0,0,1.5179238525390624,0,0,0.68796
4.31226984798559,0,0,1.1085153686523437,0,0,0.68796
4.31538649299182,0,0,1.3215993164062498,0,0,-9.01992
4.318502452981193,0,0,1.4628572143554686,0,0,1.2230400000000001
4.321619876980549,0,0,1.599326708984375,0,0,0.7644
4.32473365199985,0,0,1.0965443603515623,0,0,0.45864
4.327882999990834,0,0,1.2928688964843749,0,0,0.6115200000000001
4.330993238982046,0,0,1.5035586425781249,0,0,0.53508
4.33413834698149,0,0,1.2737152832031249,0,0,0.68796
4.337254529003985,0,0,1.2880804931640624,0,0,0.22932
4.340368729986949,0,0,1.3455413330078123,0,0,1.07016
4.343483153003035,0,0,1.2042834350585936,0,0,0.6115200000000001
4.347025219001807,0,0,1.199495031738281,0,0,0.45864
4.35063585799071,0,0,1.419761584472656,0,0,0.91728
4.353743836982176,0,0,1.3551181396484375,0,0,0.6115200000000001
4.356849297997542,0,0,1.1659762084960936,0,0,0.6115200000000001
4.35994929500157,0,0,1.3120225097656248,0,0,1.1465999999999998
4.3630698659981135,0,0,1.5107412475585937,0,0,0.99372
4.366168567998102,0,0,1.16837041015625,0,0,0.84084
4.369286434986861,0,0,1.2497732666015624,0,0,0.99372
4.372401895001531,0,0,1.3144167114257812,0,0,0.6115200000000001
4.3755185960035305,0,0,1.0726023437499999,0,0,0.30576000000000003
4.378629926999565,0,0,1.0965443603515623,0,0,0.45864
4.381744312995579,0,0,1.3646949462890625,0,0,1.1465999999999998
4.38485790300183,0,0,1.3766659545898436,0,0,0.6115200000000001
4.387971788994037,0,0,1.1444283935546875,0,0,0.7644
4.391085415991256,0,0,1.4101847778320311,0,0,0.7644
4.394198858004529,0,0,1.2497732666015624,0,0,1.07016
4.397311595996143,0,0,1.1037269653320312,0,0,0.91728
4.400424889987335,0,0,1.4724340209960938,0,0,0.53508
4.403537979989778,0,0,1.5011644409179687,0,0,0.53508
4.406650217977585,0,0,1.1516109985351561,0,0,0.3822
4.409792047983501,0,0,1.2306196533203124,0,0,0.53508
4.412906563986326,0,0,1.2808978881835937,0,0,0.91728
4.416019320982741,0,0,1.1109095703125,0,0,0.68796
4.419221927993931,0,0,1.2138602416992186,0,0,1.5288
4.4223367770027835,0,0,1.6017209106445311,0,0,0.45864
4.425450921989977,0,0,1.3263877197265623,0,0,0.91728
4.4285619749862235,0,0,1.1851298217773436,0,0,0.68796
4.431702027999563,0,0,1.2808978881835937,0,0,0.6115200000000001
4.434817228990141,0,0,1.5227122558593749,0,0,0.84084
4.437929021980381,0,0,1.1420341918945311,0,0,0.45864
4.441044871986378,0,0,1.4221557861328125,0,0,0.68796
4.444159238977591,0,0,1.3431471313476562,0,0,1.07016
4.447303088003537,0,0,1.3311761230468748,0,0,0.84084
4.45041715897969,0,0,1.1324573852539062,0,0,0.3822
4.453562378999777,0,0,1.455674609375,0,0,0.91728
4.456675616995199,0,0,1.369483349609375,0,0,0.68796
4.459810169006232,0,0,1.2114660400390624,0,0,0.6115200000000001
4.462922462989809,0,0,1.37906015625,0,0,0.99372
4.466036533995066,0,0,1.3551181396484375,0,0,0.99372
4.469150642980821,0,0,1.13006318359375,0,0,1.1465999999999998
4.4722696029930376,0,0,1.3455413330078123,0,0,1.2230400000000001
4.475382896984229,0,0,1.2401964599609374,0,0,0.6115200000000001
4.47849489399232,0,0,1.0893617553710937,0,0,0.53508
4.481607502006227,0,0,1.0989385620117187,0,0,20
4.484722425986547,0,0,1.4628572143554686,0,0,0.91728
4.487838014989393,0,0,1.0749965454101562,0,0,0.3822
4.490949308994459,0,0,1.3000515014648437,0,0,1.2230400000000001
4.494062583980849,0,0,1.388636962890625,0,0,0.91728
4.4971780630003195,0,0,1.458068811035156,0,0,1.07016
